Issuer;Ticker;Issue Date;ISIN;Preferred RIC;Principal Currency;Country of Issue;Issuer Type;Instrument Type;Coupon Type;Amount Issued (EUR);Bond Grade;Coupon Frequency;Mds_Rating_L;Next Coupon Payment Date;Maturity;Minimum Denomination;Min Increment;mes;Freq;Mty (Years Frm Tdy);Coupon;Rating_ICC;Precios;yield;UniMAz_B=500000;ingresos maximo anual;Mty (Years Frm Tdy)_log;Coupon_log;Cluster;freq_agrup_2;freq_agrup_3
Germany, Federal Republic of (Government);BUND;2000-01-20;DE0001135143;DE113514=;Euro;Germany;Govt/Treasury/Central Bank;Bundesanleihe;Plain Vanilla Fixed Coupon;11750000000;Investment Grade;Annually;Aaa;03/01/2026;2030-01-03;0.01;0.01;1;1;7.69;6.25;100;140.762;0.7532;703810000.0;439881.25;2.0399207835175526;1.8325814637483102;1;10.0;21.0
Spain, Kingdom of (Government);DEUDA;1998-01-14;ES0000011868;ES00001186=;Euro;Spain;Govt/Treasury/Central Bank;Obligacion del Estado;Plain Vanilla Fixed Coupon;44683625909;Investment Grade;Annually;Baa1;30/01/2026;2029-01-30;1000.0;1000.0;1;1;6.76;6.0;65;129.443;1.384;647.0;38820.0;1.9110228900548727;1.791759469228055;1;13.0;24.0
Italy, Republic of (Government);BTP;2002-03-17;IT0003256820;IT325682=;Euro;Italy;Govt/Treasury/Central Bank;Bond;Plain Vanilla Fixed Coupon;27261000000;;Semiannually;Baa3;31/07/2025;2033-01-31;1000.0;1000.0;1;2;10.77;5.75;55;128.439;2.6979;642.0;36915.0;2.3767644911682972;1.749199854809259;2;7.0;19.0
Germany, Federal Republic of (Government);BUND;1998-01-22;DE0001135069;DE113506=;Euro;Germany;Govt/Treasury/Central Bank;Bundesanleihe;Plain Vanilla Fixed Coupon;17000000000;Investment Grade;Annually;Aaa;03/01/2026;2028-01-03;0.01;0.01;1;1;5.68;5.625;100;127.384;0.676;63692000.0;35826.75;1.7369512327330598;1.7272209480904839;1;9.0;20.0
Germany, Federal Republic of (Government);BUND;2000-10-26;DE0001135176;DE113517=;Euro;Germany;Govt/Treasury/Central Bank;Bundesanleihe;Plain Vanilla Fixed Coupon;21500000000;Investment Grade;Annually;Aaa;03/01/2026;2031-01-03;0.01;0.01;1;1;8.69;5.5;100;138.99;0.8166;69495000.0;38222.25;2.162172939277301;1.7047480922384253;1;3.0;8.0
Netherlands, Kingdom of the (Government);NLDSL;1998-03-18;NL0000102317;NL10231=;Euro;Netherlands;Govt/Treasury/Central Bank;Dutch State Loan;Plain Vanilla Fixed Coupon;13028814230;Investment Grade;Annually;Aaa;14/01/2026;2028-01-14;1.0;1.0;1;1;5.72;5.5;100;125.884;0.8269;629420.0;34618.1;1.7439688053917064;1.7047480922384253;1;8.0;23.0
Spain, Kingdom of (Government);DEUDA;2005-01-16;ES0000012932;ES00001293=;Euro;Spain;Govt/Treasury/Central Bank;Obligacion del Estado;Plain Vanilla Fixed Coupon;39300350000;;Annually;Baa1;30/01/2026;2037-01-30;1000.0;1000.0;1;1;14.77;4.2;65;125.84;2.132;629.0;26418.0;2.6925980965432883;1.4350845252893227;1;0.0;0.0
Germany, Federal Republic of (Government);BUND;2005-01-27;DE0001135275;DE113527=;Euro;Germany;Govt/Treasury/Central Bank;Bundesanleihe;Plain Vanilla Fixed Coupon;28250000000;;Annually;Aaa;03/01/2026;2037-01-03;0.01;0.01;1;1;14.69;4.0;100;140.638;1.002;70319000.0;28127.6;2.6871669901857858;1.3862943611198906;1;1.0;0.0
Netherlands, Kingdom of the (Government);NLDSL;2005-04-24;NL0000102234;NL10223=;Euro;Netherlands;Govt/Treasury/Central Bank;Dutch State Loan;Plain Vanilla Fixed Coupon;17977427000;;Annually;Aaa;14/01/2026;2037-01-14;1.0;1.0;1;1;14.72;4.0;100;135.9;1.2972;679500.0;27180.0;2.6892071133007303;1.3862943611198906;1;0.0;0.0
Italy, Republic of (Government);BTP;2005-10-18;IT0003934657;IT393465=;Euro;Italy;Govt/Treasury/Central Bank;Bond;Plain Vanilla Fixed Coupon;34219308000;;Semiannually;Baa3;31/07/2025;2037-01-31;1000.0;1000.0;1;2;14.77;4.0;55;113.318;2.8904;567.0;22680.0;2.6925980965432883;1.3862943611198906;2;2.0;2.0
Austria, Republic of (Government);AUST;2012-01-25;AT0000A0U299;AT0000A0U299=;Euro;Austria;Govt/Treasury/Central Bank;Bundesanleihe;Plain Vanilla Fixed Coupon;4473666000;;Annually;Aa1;25/01/2026;2062-01-25;1000.0;1000.0;1;1;39.77;3.8;95;159.376;1.495;797.0;30286.0;3.6831128592195994;1.33500106673234;1;0.0;0.0
Netherlands, Kingdom of the (Government);NLDSL;2010-05-20;NL0009446418;NL44641=;Euro;Netherlands;Govt/Treasury/Central Bank;Dutch State Loan;Plain Vanilla Fixed Coupon;18839910000;;Annually;Aaa;14/01/2026;2042-01-14;1.0;1.0;1;1;19.73;3.75;100;142.498;1.2895;712490.0;26718.375;2.982140320034524;1.3217558399823195;1;0.0;0.0
Netherlands, Kingdom of the (Government);NLDSL;2014-02-20;NL0010721999;NL72199=;Euro;Netherlands;Govt/Treasury/Central Bank;Dutch State Loan;Plain Vanilla Fixed Coupon;22505187000;;Annually;Aaa;14/01/2026;2047-01-14;1.0;1.0;1;1;24.73;2.75;100;133.019;1.2;665095.0;18290.1125;3.208017081533325;1.0116009116784799;1;0.0;0.0
Netherlands, Kingdom of the (Government);NLDSL;2012-03-08;NL0010071189;NL07118=;Euro;Netherlands;Govt/Treasury/Central Bank;Dutch State Loan;Plain Vanilla Fixed Coupon;15507900000;;Annually;Aaa;14/01/2026;2033-01-14;1.0;1.0;1;1;10.72;2.5;100;112.931;1.1978;564655.0;14116.375;2.372111155642656;0.9162907318741551;1;0.0;0.0
Orange SA;ORAN;2019-01-14;FR0013396520;FR0013396520=;Euro;France;Corporate;Bond;Plain Vanilla Fixed Coupon;1250000000;Investment Grade;Annually;Baa1;14/01/2026;2029-01-14;100000.0;100000.0;1;1;6.72;2.0;65;101.087;1.794;5.0;10000.0;1.9050881545350582;0.6931471805599453;0;0.0;0.0
Italy, Republic of (Government);BTP;2018-01-31;IT0005323032;IT532303=;Euro;Italy;Govt/Treasury/Central Bank;Bond;Plain Vanilla Fixed Coupon;24077136000;Investment Grade;Semiannually;Baa3;31/07/2025;2028-01-31;1000.0;1000.0;1;2;5.76;2.0;55;99.868;2.025;499.0;9980.0;1.7509374747078;0.6931471805599453;2;0.0;0.0
Vinci SA;SGEF;2019-01-17;FR0013397452;FR0013397452=;Euro;France;Corporate;Bond;Plain Vanilla Fixed Coupon;1300000000;Investment Grade;Annually;A3;17/01/2026;2029-01-17;100000.0;100000.0;1;1;6.73;1.625;70;98.899;1.773;5.0;8125.0;1.9065751436566365;0.4855078157817008;0;0.0;0.0
ABN Amro Bank NV;ABNAM;2017-01-11;XS1548493946;XS1548493946=;Euro;Netherlands;Corporate;Covered Bond (Other);Plain Vanilla Fixed Coupon;2250000000;;Annually;Aaa;11/01/2026;2037-01-11;100000.0;100000.0;1;1;14.72;1.375;100;92.856;1.94;5.0;6875.0;2.6892071133007303;0.3184537311185346;0;0.0;0.0
CaixaBank SA;CABKX;2017-01-10;ES0440609339;DEA19BF1=;Euro;Spain;Corporate;Cedula Hipotecaria (Covered Bond);Plain Vanilla Fixed Coupon;1600000000;Investment Grade;Annually;Aa1;10/01/2026;2027-01-10;100000.0;100000.0;1;1;4.7;1.25;95;98.937;1.49;5.0;6250.0;1.547562508716013;0.22314355131420976;0;0.0;0.0
ABN Amro Bank NV;ABNAM;2018-01-09;XS1747670922;XS1747670922=;Euro;Netherlands;Corporate;Covered Bond (Other);Plain Vanilla Fixed Coupon;2000000000;;Annually;Aaa;09/01/2026;2033-01-09;100000.0;100000.0;1;1;10.71;1.25;100;94.771;1.79;5.0;6250.0;2.3711778844596574;0.22314355131420976;0;0.0;0.0
Caisse Francaise de Financement Local SA;CDCEAF;2015-01-21;FR0012467942;FR0012467942=;Euro;France;Corporate;Obligation Fonciere (Covered Bond);Plain Vanilla Fixed Coupon;1150000000;;Annually;Aaa;21/01/2026;2035-01-21;100000.0;100000.0;1;1;12.74;1.25;100;92.771;1.875;5.0;6250.0;2.5447466501440172;0.22314355131420976;0;0.0;0.0
ABN Amro Bank NV;ABNAM;2017-01-11;XS1548458014;DEA19BHJ=;Euro;Netherlands;Corporate;Covered Bond (Other);Plain Vanilla Fixed Coupon;2000000000;;Annually;Aaa;11/01/2026;2032-01-11;100000.0;100000.0;1;1;9.71;1.125;100;94.579;1.74;5.0;5625.0;2.2731562823032334;0.11778303565638346;0;0.0;0.0
Banque Federative du Credit Mutuel SA;CAFDCB;2022-01-18;FR0014007PW1;FR0014007PW1=;Euro;France;Corporate;Bond;Plain Vanilla Fixed Coupon;1250000000;;Annually;A3;18/01/2026;2032-01-18;100000.0;100000.0;1;1;9.73;1.125;70;86.226;2.738;4.0;4500.0;2.2752138961979136;0.11778303565638346;0;0.0;0.0
Credit Agricole Home Loan SFH SA;CAGRAH;2019-01-15;FR0013393899;FR0013393899=;Euro;France;Corporate;Obligation de Financement de l'Habitat (Covered Bond);Plain Vanilla Fixed Coupon;1500000000;Investment Grade;Annually;Aaa;15/01/2026;2029-01-15;100000.0;100000.0;1;1;6.72;1.0;100;96.53;1.55;5.0;5000.0;1.9050881545350582;0.0;0;0.0;0.0
Sparebank 1 Boligkreditt AS;SPRBG;2019-01-29;XS1943561883;DEA2RW3D=;Euro;Norway;Corporate;Covered Bond (Other);Plain Vanilla Fixed Coupon;1250000000;Investment Grade;Annually;Aaa;29/01/2026;2029-01-29;100000.0;100000.0;1;1;6.76;1.0;100;96.317;1.58;5.0;5000.0;1.9110228900548727;0.0;0;0.0;0.0
Cooperatieve Rabobank UA;RABO;2019-01-31;XS1944327631;XS1944327631=;Euro;Netherlands;Corporate;Covered Bond (Other);Plain Vanilla Fixed Coupon;2000000000;Investment Grade;Annually;Aaa;31/01/2026;2029-01-31;100000.0;100000.0;1;1;6.76;0.875;100;95.766;1.54;5.0;4375.0;1.9110228900548727;-0.13353139262452263;0;0.0;0.0
BNP Paribas Home Loan SFH SA;BNPHM;2017-01-26;FR0013234200;FR0013234200=;Euro;France;Corporate;Obligation de Financement de l'Habitat (Covered Bond);Plain Vanilla Fixed Coupon;1500000000;Investment Grade;Annually;A1;26/01/2026;2027-01-26;100000.0;100000.0;1;1;4.75;0.8;80;97.739;1.3;5.0;4000.0;1.55814461804655;-0.2231435513142097;0;0.0;0.0
Caisse Francaise de Financement Local SA;CDCEAF;2017-01-10;FR0013230703;FR0013230703=;Euro;France;Corporate;Obligation Fonciere (Covered Bond);Plain Vanilla Fixed Coupon;2000000000;Investment Grade;Annually;Aaa;10/01/2026;2027-01-10;100000.0;100000.0;1;1;4.7;0.75;100;97.029;1.41;5.0;3750.0;1.547562508716013;-0.2876820724517809;0;0.0;0.0
Compagnie de Financement Foncier SA;BPCERF;2018-01-10;FR0013309549;FR0013309549=;Euro;France;Corporate;Obligation Fonciere (Covered Bond);Plain Vanilla Fixed Coupon;1150000000;Investment Grade;Annually;Aaa;10/01/2026;2028-01-10;100000.0;100000.0;1;1;5.7;0.75;100;96.064;1.461;5.0;3750.0;1.7404661748405046;-0.2876820724517809;0;0.0;0.0
Societe Generale SA;SOGN;2020-01-22;FR0013479276;FR0013479276=;Euro;France;Corporate;Bond;Plain Vanilla Fixed Coupon;1500000000;Investment Grade;Annually;Baa2;24/01/2026;2027-01-24;100000.0;100000.0;1;1;4.74;0.75;60;92.177;2.69;5.0;3750.0;1.556037135706985;-0.2876820724517809;0;0.0;0.0
Sanofi SA;SASY;2016-09-12;FR0013201639;FR0013201639=;Euro;France;Corporate;Bond;Plain Vanilla Fixed Coupon;1150000000;Investment Grade;Annually;Aa3;12/01/2026;2027-01-12;100000.0;100000.0;1;1;4.71;0.5;85;96.266;1.32;5.0;2500.0;1.5496879080283263;-0.6931471805599453;0;0.0;0.0
BPCE SFH SA;BPCEBC;2020-01-22;FR0013477940;FR0013477940=;Euro;France;Corporate;Obligation de Financement de l'Habitat (Covered Bond);Plain Vanilla Fixed Coupon;1150000000;;Annually;Aaa;22/01/2026;2035-01-22;100000.0;100000.0;1;1;12.74;0.5;100;84.462;3.08;4.0;2000.0;2.5447466501440172;-0.6931471805599453;0;0.0;0.0
Credit Agricole Home Loan SFH SA;CAGRAH;2022-01-26;FR0014007VS7;FR0014007VS7=;Euro;France;Corporate;Obligation de Financement de l'Habitat (Covered Bond);Plain Vanilla Fixed Coupon;1250000000;;Annually;Aaa;31/01/2026;2033-01-31;100000.0;100000.0;1;1;10.77;0.375;100;86.021;2.94;4.0;1500.0;2.3767644911682972;-0.9808292530117262;0;0.0;0.0
ABN Amro Bank NV;ABNAM;2020-01-13;XS2101336316;XS2101336316=;Euro;Netherlands;Corporate;Covered Bond (Other);Plain Vanilla Fixed Coupon;2000000000;;Annually;Aaa;13/01/2026;2035-01-13;100000.0;100000.0;1;1;12.72;0.375;100;83.233;2.96;4.0;1500.0;2.543175557911976;-0.9808292530117262;0;0.0;0.0
UniCredit Bank GmbH;CRDIX;2020-01-14;DE000HV2AS10;DEHV2AS1=;Euro;Germany;Corporate;Hypothekenpfandbrief Jumbo (Covered Bond);Plain Vanilla Fixed Coupon;1500000000;;Annually;Aaa;14/01/2026;2032-01-14;1000.0;1000.0;1;1;9.72;0.25;100;86.93;1.74;435.0;1087.5;2.2741856184723477;-1.3862943611198906;0;0.0;5.0
Bpce SA;BPCE;2021-01-13;FR0014001G37;FR0014001G37=;Euro;France;Corporate;Bond;Plain Vanilla Fixed Coupon;1250000000;Investment Grade;Annually;A1;13/01/2026;2031-01-13;100000.0;100000.0;1;1;8.72;0.25;80;83.07;2.414;4.0;1000.0;2.1656192379208883;-1.3862943611198906;0;0.0;0.0
Portugal, Republic of (Government);PORTGL;2015-01-19;PTOTEBOE0020;PTOTEBOE020=;Euro;Portugal;Govt/Treasury/Central Bank;Obrigacao do Tesouro;Plain Vanilla Fixed Coupon;7893282887;;Annually;A3;14/02/2026;2045-02-14;0.01;0.01;2;1;22.81;4.1;70;130.921;2.353;65460500.0;26838.805;3.1271990362962967;1.410986973710262;1;1.0;1.0
Portugal, Republic of (Government);PORTGL;2014-09-09;PTOTEROE0014;PTOTEROE014=;Euro;Portugal;Govt/Treasury/Central Bank;Obrigacao do Tesouro;Plain Vanilla Fixed Coupon;8029264491;Investment Grade;Annually;A3;14/02/2026;2030-02-14;0.01;0.01;2;1;7.8;3.875;70;116.773;1.599;58386500.0;22624.76875;2.0541237336955462;1.3545456628053103;1;2.0;1.0
Italy, Republic of (Government);BTP;2014-05-20;IT0005024234;IT502423=;Euro;Italy;Govt/Treasury/Central Bank;Bond;Plain Vanilla Fixed Coupon;30206449000;Investment Grade;Semiannually;Baa3;31/08/2025;2030-02-28;1000.0;1000.0;2;2;7.84;3.5;55;108.1555;2.3593;541.0;18935.0;2.0592388343623163;1.252762968495368;2;0.0;0.0
Italy, Republic of (Government);BTP;2017-06-13;IT0005273013;IT527301=;Euro;Italy;Govt/Treasury/Central Bank;Bond;Plain Vanilla Fixed Coupon;19882254000;;Semiannually;Baa3;31/08/2025;2048-02-29;1000.0;1000.0;2;2;25.85;3.45;55;106.025;3.125;530.0;18285.0;3.2523106009544382;1.2383742310432684;2;0.0;0.0
Italy, Republic of (Government);BTP;2019-01-21;IT0005358806;IT535880=;Euro;Italy;Govt/Treasury/Central Bank;Bond;Plain Vanilla Fixed Coupon;22604000000;;Semiannually;Baa3;31/08/2025;2035-02-28;1000.0;1000.0;2;2;12.84;3.35;55;105.306;2.863;527.0;17654.5;2.552565298261815;1.208960345836975;2;0.0;0.0
Italy, Republic of (Government);BTP;2019-06-18;IT0005377152;IT537715=;Euro;Italy;Govt/Treasury/Central Bank;Bond;Plain Vanilla Fixed Coupon;14219900000;;Semiannually;Baa3;31/08/2025;2040-02-29;1000.0;1000.0;2;2;17.85;3.1;55;101.246;3.021;506.0;15686.0;2.8820035082256483;1.1314021114911006;2;0.0;0.0
Italy, Republic of (Government);BTP;2016-10-10;IT0005217390;IT521739=;Euro;Italy;Govt/Treasury/Central Bank;Bond;Plain Vanilla Fixed Coupon;10633214000;;Semiannually;Baa3;31/08/2025;2067-02-28;1000.0;1000.0;2;2;44.87;2.8;55;88.967;3.272;445.0;12460.0;3.803769419987892;1.0296194171811581;2;2.0;1.0
Italy, Republic of (Government);BTP;2016-02-08;IT0005162828;IT516282=;Euro;Italy;Govt/Treasury/Central Bank;Bond;Plain Vanilla Fixed Coupon;18740969000;;Semiannually;Baa3;31/08/2025;2047-02-28;1000.0;1000.0;2;2;24.85;2.7;55;93.52;3.085;468.0;12636.0;3.2128577525426376;0.9932517730102834;2;0.0;0.0
Ireland (Government);IRELND;2015-02-09;IE00BV8C9186;IET245=;Euro;Ireland;Govt/Treasury/Central Bank;Irish Government Bond;Plain Vanilla Fixed Coupon;11215030000;;Annually;Aa3;17/02/2026;2045-02-17;0.01;0.01;2;1;22.82;2.0;85;102.859;1.8185;51429500.0;10285.9;3.1276373444339294;0.6931471805599453;1;0.0;0.0
Italy, Republic of (Government);BTP;2015-03-23;IT0005094088;IT509408=;Euro;Italy;Govt/Treasury/Central Bank;Bond;Plain Vanilla Fixed Coupon;27451727000;;Semiannually;Baa3;31/08/2025;2032-02-29;1000.0;1000.0;2;2;9.84;1.65;55;91.314;2.6731;457.0;7540.5;2.286455711064162;0.5007752879124892;2;0.0;4.0
Austria, Republic of (Government);AUST;2016-02-22;AT0000A1K9F1;AT0000A1K9F1=;Euro;Austria;Govt/Treasury/Central Bank;Bundesanleihe;Plain Vanilla Fixed Coupon;10390784000;;Annually;Aa1;19/02/2026;2047-02-19;1000.0;1000.0;2;1;24.83;1.5;95;98.315;1.592;492.0;7380.0;3.2120525995200753;0.4054651081081644;1;0.0;0.0
Cooperatieve Rabobank UA;RABO;2018-02-07;XS1766477522;XS1766477522=;Euro;Netherlands;Corporate;Covered Bond (Other);Plain Vanilla Fixed Coupon;1250000000;Investment Grade;Annually;Aaa;07/02/2026;2028-02-07;100000.0;100000.0;2;1;5.78;0.875;100;96.689;1.48;5.0;4375.0;1.7544036826842861;-0.13353139262452263;0;0.0;0.0
BNP Paribas Fortis SA;BEOAG;2019-02-24;BE6312092115;BE6312092115=;Euro;Belgium;Corporate;Belgian Mortgage Pandbrieven (Covered Bond);Plain Vanilla Fixed Coupon;2500000000;Investment Grade;Annually;Aaa;24/02/2026;2029-02-24;100000.0;100000.0;2;1;6.83;0.85;100;95.309;1.682;5.0;4250.0;1.9213246735826988;-0.16251892949777494;0;0.0;0.0
Austria, Republic of (Government);AUST;2018-01-24;AT0000A1ZGE4;AT0000A1ZGE4=;Euro;Austria;Govt/Treasury/Central Bank;Bundesanleihe;Plain Vanilla Fixed Coupon;13999317000;Investment Grade;Annually;Aa1;19/02/2026;2028-02-19;1000.0;1000.0;2;1;5.81;0.75;95;98.795;0.994;494.0;3705.0;1.7595805708638197;-0.2876820724517809;0;0.0;0.0
ING Bank NV;INGABK;2019-02-17;XS1952576475;DEA2RXX7=;Euro;Netherlands;Corporate;Covered Bond (Other);Plain Vanilla Fixed Coupon;2000000000;Investment Grade;Annually;Aaa;17/02/2026;2029-02-17;100000.0;100000.0;2;1;6.81;0.75;100;95.025;1.53;5.0;3750.0;1.918392120161421;-0.2876820724517809;0;0.0;0.0
BPCE SFH SA;BPCEBC;2022-02-22;FR0014008JP6;FR0014008JP6=;Euro;France;Corporate;Obligation de Financement de l'Habitat (Covered Bond);Plain Vanilla Fixed Coupon;1750000000;Investment Grade;Annually;Aaa;22/02/2026;2029-02-22;100000.0;100000.0;2;1;6.82;0.75;100;94.851;1.55;5.0;3750.0;1.9198594718553708;-0.2876820724517809;0;0.0;0.0
Cooperatieve Rabobank UA;RABO;2022-02-15;NL0015000R54;NL0015000R54=;Euro;Netherlands;Corporate;Covered Bond (Other);Plain Vanilla Fixed Coupon;5000000000;Investment Grade;Annually;Aaa;15/02/2026;2030-02-15;100000.0;100000.0;2;1;7.81;0.625;100;94.7;1.35;5.0;3125.0;2.0554049638515948;-0.4700036292457356;0;0.0;0.0
ING DiBa AG;INGAB;2022-02-24;DE000A2YNWA1;DEA2YNWA=;Euro;Germany;Corporate;Hypothekenpfandbrief Jumbo (Covered Bond);Plain Vanilla Fixed Coupon;1500000000;Investment Grade;Annually;Aaa;24/02/2026;2029-02-24;100000.0;100000.0;2;1;6.83;0.625;100;94.227;1.532;5.0;3125.0;1.9213246735826988;-0.4700036292457356;0;0.0;0.0
OP Asuntoluottopankki Oyj;OPOSUK;2019-02-14;XS1951927158;DEA2RXT8=;Euro;Finland;Corporate;Covered Bond (Other);Plain Vanilla Fixed Coupon;1250000000;Investment Grade;Annually;Aaa;14/02/2026;2029-02-14;100000.0;100000.0;2;1;6.8;0.625;100;94.099;1.55;5.0;3125.0;1.916922612182061;-0.4700036292457356;0;0.0;0.0
Banque Federative du Credit Mutuel SA;CAFDCB;2020-10-20;FR00140007J7;FR00140007J7=;Euro;France;Corporate;Bond;Plain Vanilla Fixed Coupon;1250000000;;Annually;A3;20/02/2026;2031-02-20;100000.0;100000.0;2;1;8.82;0.625;70;83.519;2.721;4.0;2500.0;2.1770218700187;-0.4700036292457356;0;0.0;0.0
Germany, Federal Republic of (Government);BUND;2018-01-11;DE0001102440;DE110244=;Euro;Germany;Govt/Treasury/Central Bank;Bundesanleihe;Plain Vanilla Fixed Coupon;28500000000;Investment Grade;Annually;Aaa;14/02/2026;2028-02-14;0.01;0.01;2;1;5.8;0.5;100;98.698;0.726;49349000.0;2467.45;1.7578579175523736;-0.6931471805599453;0;0.0;0.0
Austria, Republic of (Government);AUST;2019-02-04;AT0000A269M8;AT0000A269M8=;Euro;Austria;Govt/Treasury/Central Bank;Bundesanleihe;Plain Vanilla Fixed Coupon;15341577000;Investment Grade;Annually;Aa1;19/02/2026;2029-02-19;1000.0;1000.0;2;1;6.82;0.5;95;96.02;1.13;480.0;2400.0;1.9198594718553708;-0.6931471805599453;0;0.0;0.0
ING Bank NV;INGABK;2022-02-16;XS2445188423;DEA3K2DJ=;Euro;Netherlands;Corporate;Covered Bond (Other);Plain Vanilla Fixed Coupon;1500000000;Investment Grade;Annually;Aaa;16/02/2026;2027-02-16;100000.0;100000.0;2;1;4.81;0.5;100;96.005;1.37;5.0;2500.0;1.5706970841176697;-0.6931471805599453;0;0.0;0.0
Germany, Federal Republic of (Government);BUND;2017-01-12;DE0001102416;DE110241=;Euro;Germany;Govt/Treasury/Central Bank;Bundesanleihe;Plain Vanilla Fixed Coupon;30500000000;Investment Grade;Annually;Aaa;14/02/2026;2027-02-14;0.01;0.01;2;1;4.8;0.25;100;98.198;1.65;49099000.0;1227.475;1.5686159179138452;-1.3862943611198906;0;0.0;15.0
Germany, Federal Republic of (Government);BUND;2019-01-10;DE0001102465;DE110246=;Euro;Germany;Govt/Treasury/Central Bank;Bundesanleihe;Plain Vanilla Fixed Coupon;29500000000;Investment Grade;Annually;Aaa;14/02/2026;2029-02-14;0.01;0.01;2;1;6.8;0.25;100;96.554;0.769;48277000.0;1206.925;1.916922612182061;-1.3862943611198906;0;0.0;0.0
Belgium, Kingdom of (Government);OLO31;1998-02-25;BE0000291972;BE291=;Euro;Belgium;Govt/Treasury/Central Bank;Bond;Plain Vanilla Fixed Coupon;20687939136;Investment Grade;Annually;Aa3;27/03/2026;2028-03-27;0.01;0.01;3;1;5.92;5.5;85;126.48;0.8634;63240000.0;34782.0;1.7783364488959144;1.7047480922384253;1;14.0;13.0
Belgium, Kingdom of (Government);OLO44;2004-05-18;BE0000304130;BE304=;Euro;Belgium;Govt/Treasury/Central Bank;Bond;Plain Vanilla Fixed Coupon;20821692800;;Annually;Aa3;27/03/2026;2035-03-27;0.01;0.01;3;1;12.92;5.0;85;138.54;1.6521;69270000.0;34635.0;2.558776498354456;1.6094379124341003;1;1.0;2.0
Belgium, Kingdom of (Government);OLO60;2010-04-20;BE0000320292;BE320=;Euro;Belgium;Govt/Treasury/Central Bank;Bond;Plain Vanilla Fixed Coupon;17499000000;;Annually;Aa3;27/03/2026;2041-03-27;0.01;0.01;3;1;18.92;4.25;85;136.923;1.901;68461500.0;29096.1375;2.9402195636237325;1.4469189829363254;1;0.0;0.0
Programa Cedulas TDA FTA;PRGCD;2007-03-27;ES0371622046;ES37162204=;Euro;Spain;Corporate;Cedula Multicedente (Covered Bond);Plain Vanilla Fixed Coupon;1310000000;Investment Grade;Annually;Aa1;27/03/2026;2030-03-27;100000.0;100000.0;3;1;7.92;4.25;95;112.878;1.543;6.0;25500.0;2.0693912058263346;1.4469189829363254;1;1.0;2.0
Austria, Republic of (Government);AUST;2007-01-16;AT0000A04967;AT0000A04967=;Euro;Austria;Govt/Treasury/Central Bank;Bundesanleihe;Plain Vanilla Fixed Coupon;15566012000;;Annually;Aa1;14/03/2026;2037-03-14;1000.0;1000.0;3;1;14.88;4.15;95;135.352;1.495;677.0;28095.5;2.700018029404946;1.423108334242607;1;0.0;0.0
CaixaBank SA;CABKX;2006-03-23;ES0414950644;DEA0GPYT=;Euro;Spain;Corporate;Cedula Hipotecaria (Covered Bond);Plain Vanilla Fixed Coupon;2100000000;;Annually;Aa1;23/03/2026;2036-03-23;50000.0;50000.0;3;1;13.91;4.125;95;125.45;2.034;13.0;26812.5;2.6326080059353516;1.4170660197866443;1;0.0;0.0
Belgium, Kingdom of (Government);OLO66;2012-03-20;BE0000326356;BE326=;Euro;Belgium;Govt/Treasury/Central Bank;Bond;Plain Vanilla Fixed Coupon;9580000000;;Annually;Aa3;27/03/2026;2032-03-27;0.01;0.01;3;1;9.92;4.0;85;123.824;2.6;61912000.0;24764.8;2.2945529212967815;1.3862943611198906;1;0.0;5.0
Sanofi SA;SASY;2018-03-20;FR0013324373;FR0013324373=;Euro;France;Corporate;Bond;Plain Vanilla Fixed Coupon;1250000000;;Annually;Aa3;20/03/2026;2038-03-20;100000.0;100000.0;3;1;15.9;1.875;85;96.698;2.12;5.0;9375.0;2.766319109226186;0.6286086594223741;0;0.0;0.0
Societe Generale SA;SOGN;2019-03-21;FR0013410818;FR0013410818=;Euro;France;Corporate;Bond;Plain Vanilla Fixed Coupon;1250000000;Investment Grade;Annually;Baa2;21/03/2026;2029-03-21;100000.0;100000.0;3;1;6.9;1.75;60;93.085;2.826;5.0;8750.0;1.9315214116032138;0.5596157879354227;0;0.0;0.0
Sanofi SA;SASY;2018-03-20;FR0013324357;FR0013324357=;Euro;France;Corporate;Bond;Plain Vanilla Fixed Coupon;2000000000;Investment Grade;Annually;Aa3;20/03/2026;2030-03-20;100000.0;100000.0;3;1;7.9;1.375;85;98.219;1.587;5.0;6875.0;2.066862759472976;0.3184537311185346;0;0.0;0.0
Ireland (Government);IRELND;2018-10-16;IE00BFZRQ242;IET13531=;Euro;Ireland;Govt/Treasury/Central Bank;Irish Government Bond;Plain Vanilla Fixed Coupon;7148090000;;Annually;Aa3;17/03/2026;2031-03-17;0.01;0.01;3;1;8.89;1.35;85;99.992;1.343;49996000.0;6749.46;2.1849270495258133;0.30010459245033816;1;0.0;0.0
Unedic;UNEDI;2017-03-27;FR0013246873;FR0013246873=;Euro;France;Corporate;Bond;Plain Vanilla Fixed Coupon;3250000000;Investment Grade;Annually;Aa3;27/03/2026;2027-03-27;100000.0;100000.0;3;1;4.91;1.25;85;100.239;1.2;5.0;6250.0;1.5912739418064292;0.22314355131420976;0;0.0;0.0
Credit Agricole Home Loan SFH SA;CAGRAH;2016-03-23;FR0013141074;FR0013141074=;Euro;France;Corporate;Obligation de Financement de l'Habitat (Covered Bond);Plain Vanilla Fixed Coupon;1500000000;;Annually;Aaa;23/03/2026;2031-03-23;100000.0;100000.0;3;1;8.9;1.25;100;96.319;1.7;5.0;6250.0;2.186051276738094;0.22314355131420976;0;0.0;0.0
Austria, Republic of (Government);AUST;2020-04-01;AT0000A2EJ08;AT0000A2EJ08=;Euro;Austria;Govt/Treasury/Central Bank;Bundesanleihe;Plain Vanilla Fixed Coupon;10463135000;;Annually;Aa1;19/03/2026;2051-03-19;1000.0;1000.0;3;1;28.91;0.75;95;79.619;1.649;398.0;2985.0;3.364187556028255;-0.2876820724517809;0;0.0;2.0
Unedic;UNEDI;2019-03-19;FR0013410008;FR0013410008=;Euro;France;Corporate;Bond;Plain Vanilla Fixed Coupon;2500000000;Investment Grade;Annually;Aa3;19/03/2026;2029-03-19;100000.0;100000.0;3;1;6.89;0.5;85;94.679;1.294;5.0;2500.0;1.9300710850255671;-0.6931471805599453;0;0.0;0.0
Bpifrance SA;BPIFN;2020-06-04;FR0013516101;FR0013516101=;Euro;France;Corporate;Bond;Plain Vanilla Fixed Coupon;1250000000;Investment Grade;Annually;Aa3;28/03/2026;2030-03-28;100000.0;100000.0;3;1;7.92;0.25;85;90.986;1.445;5.0;1250.0;2.0693912058263346;-1.3862943611198906;0;0.0;0.0
Italy, Republic of (Government);BTP;2000-03-16;IT0001444378;IT144437=;Euro;Italy;Govt/Treasury/Central Bank;Bond;Plain Vanilla Fixed Coupon;32254500000;;Semiannually;Baa3;31/10/2025;2031-04-30;1000.0;1000.0;4;2;9.01;6.0;55;128.0555;2.5053;640.0;38400.0;2.1983350716202463;1.791759469228055;2;13.0;23.0
France, Republic of (Government);OAT;1998-03-11;FR0000571218;FR0000571218=;Euro;France;Govt/Treasury/Central Bank;Obligation Assimilable du Tresor;Plain Vanilla Fixed Coupon;45247880892;Investment Grade;Annually;Aa3;24/04/2026;2029-04-24;1.0;1.0;4;1;6.99;5.5;85;129.886;1.0253;649430.0;35718.65;1.944480556245719;1.7047480922384253;1;11.0;21.0
France, Republic of (Government);OAT;2004-04-05;FR0010070060;FR0010070060=;Euro;France;Govt/Treasury/Central Bank;Obligation Assimilable du Tresor;Plain Vanilla Fixed Coupon;35936000000;;Annually;Aa3;24/04/2026;2035-04-24;1.0;1.0;4;1;12.99;4.75;85;137.613;1.5232;688065.0;32683.0875;2.5641798306825083;1.55814461804655;1;0.0;8.0
Electricite De France SA;ELDFR;2010-04-26;FR0010891317;FR0010891317=;Euro;France;Corporate;Bond;Plain Vanilla Fixed Coupon;1500000000;Investment Grade;Annually;Baa1;25/04/2026;2030-04-25;50000.0;50000.0;4;1;7.99;4.625;65;117.434;2.168;12.0;27750.0;2.0781907597781832;1.5314763709643886;1;2.0;1.0
France, Republic of (Government);OAT;2009-06-29;FR0010773192;FR0010773192=;Euro;France;Govt/Treasury/Central Bank;Obligation Assimilable du Tresor;Plain Vanilla Fixed Coupon;40476000000;;Annually;Aa3;24/04/2026;2041-04-24;1.0;1.0;4;1;19.0;4.5;85;144.009;1.7437;720045.0;32402.025;2.9444389791664403;1.5040773967762742;1;0.0;4.0
Programa Cedulas TDA FTA;PRGCD;2006-04-09;ES0371622020;ES37162202=;Euro;Spain;Corporate;Cedula Multicedente (Covered Bond);Plain Vanilla Fixed Coupon;3805000000;;Annually;Aa1;09/04/2026;2031-04-09;100000.0;100000.0;4;1;8.95;4.25;95;120.757;1.794;6.0;25500.0;2.191653532286764;1.4469189829363254;1;0.0;0.0
Portugal, Republic of (Government);PORTGL;2017-01-17;PTOTEUOE0019;PTOTEUOE019=;Euro;Portugal;Govt/Treasury/Central Bank;Obrigacao do Tesouro;Plain Vanilla Fixed Coupon;10068169000;Investment Grade;Annually;A3;13/04/2026;2027-04-13;0.01;0.01;4;1;4.96;4.125;70;113.969;1.204;56984500.0;23506.10625;1.601405740736836;1.4170660197866443;1;8.0;10.0
Portugal, Republic of (Government);PORTGL;2006-03-21;PTOTE5OE0007;PTOTE5OE007=;Euro;Portugal;Govt/Treasury/Central Bank;Obrigacao do Tesouro;Plain Vanilla Fixed Coupon;11168719456;;Annually;A3;14/04/2026;2037-04-14;0.01;0.01;4;1;14.97;4.1;70;124.45;2.185;62225000.0;25512.25;2.706048198431537;1.410986973710262;1;0.0;6.0
France, Republic of (Government);OAT;2010-03-16;FR0010870956;FR0010870956=;Euro;France;Govt/Treasury/Central Bank;Obligation Assimilable du Tresor;Plain Vanilla Fixed Coupon;21485000000;;Annually;Aa3;24/04/2026;2060-04-24;1.0;1.0;4;1;38.01;4.0;85;156.635;1.8866;783175.0;31327.0;3.6378492830011573;1.3862943611198906;1;0.0;0.0
France, Republic of (Government);OAT;2005-02-27;FR0010171975;FR0010171975=;Euro;France;Govt/Treasury/Central Bank;Obligation Assimilable du Tresor;Plain Vanilla Fixed Coupon;22640000000;;Annually;Aa3;24/04/2026;2055-04-24;1.0;1.0;4;1;33.01;4.0;85;151.88;1.8671;759400.0;30376.0;3.4968105458651015;1.3862943611198906;1;0.0;0.0
Compagnie de Financement Foncier SA;BPCERF;2006-02-16;FR0010292169;FR0010292169=;Euro;France;Corporate;Obligation Fonciere (Covered Bond);Plain Vanilla Fixed Coupon;1200000000;;Annually;Aaa;24/04/2026;2055-04-24;1000.0;1000.0;4;1;33.01;3.875;100;149.588;1.85;748.0;28985.0;3.4968105458651015;1.3545456628053103;1;0.0;0.0
Aeroports de Paris SA;ADP;2020-04-01;FR0013505633;FR0013505633=;Euro;France;Corporate;Bond;Plain Vanilla Fixed Coupon;1500000000;Investment Grade;Annually;Baa1;01/04/2026;2030-04-01;100000.0;100000.0;4;1;7.93;2.75;65;103.571;2.24;5.0;13750.0;2.0706530356467567;1.0116009116784799;0;0.0;0.0
Portugal, Republic of (Government);PORTGL;2018-04-17;PTOTEWOE0017;PTOTEWOE017=;Euro;Portugal;Govt/Treasury/Central Bank;Obrigacao do Tesouro;Plain Vanilla Fixed Coupon;9555164023;;Annually;A3;17/04/2026;2034-04-17;0.01;0.01;4;1;11.98;2.25;70;102.304;2.051;51152000.0;11509.2;2.4832385926873033;0.8109302162163288;1;0.0;0.0
Spain, Kingdom of (Government);DEUDA;2017-01-30;ES00000128P8;ES0000128P=;Euro;Spain;Govt/Treasury/Central Bank;Obligacion del Estado;Plain Vanilla Fixed Coupon;26105700000;Investment Grade;Annually;Baa1;29/04/2026;2027-04-29;1000.0;1000.0;4;1;5.0;1.5;65;100.925;1.316;505.0;7575.0;1.6094379124341003;0.4054651081081644;1;0.0;0.0
Unedic;UNEDI;2017-04-19;FR0013252228;FR0013252228=;Euro;France;Corporate;Bond;Plain Vanilla Fixed Coupon;2500000000;;Annually;Aa3;19/04/2026;2032-04-19;100000.0;100000.0;4;1;9.98;1.5;85;98.901;1.605;5.0;7500.0;2.300583090323373;0.4054651081081644;0;0.0;0.0
Cooperatieve Rabobank UA;RABO;2018-04-25;XS1811812574;XS1811812574=;Euro;Netherlands;Corporate;Covered Bond (Other);Plain Vanilla Fixed Coupon;1375000000;;Annually;Aaa;25/04/2026;2038-04-25;100000.0;100000.0;4;1;16.0;1.5;100;94.014;1.94;5.0;7500.0;2.772588722239781;0.4054651081081644;0;0.0;0.0
ABN Amro Bank NV;ABNAM;2018-04-11;XS1805353734;DEA19YY7=;Euro;Netherlands;Corporate;Covered Bond (Other);Plain Vanilla Fixed Coupon;1500000000;;Annually;Aaa;11/04/2026;2038-04-11;100000.0;100000.0;4;1;15.96;1.45;100;93.285;1.94;5.0;7250.0;2.7700855920216627;0.371563556432483;0;0.0;0.0
Spain, Kingdom of (Government);DEUDA;2018-01-29;ES0000012B39;ES000012B3=;Euro;Spain;Govt/Treasury/Central Bank;Obligacion del Estado;Plain Vanilla Fixed Coupon;28002452000;Investment Grade;Annually;Baa1;29/04/2026;2028-04-29;1000.0;1000.0;4;1;6.01;1.4;65;99.946;1.398;500.0;7000.0;1.7934247485471162;0.3364722366212129;1;0.0;0.0
Finland, Republic of (Government);FINL;2017-02-14;FI4000242870;FI0242870=;Euro;Finland;Govt/Treasury/Central Bank;Bond;Plain Vanilla Fixed Coupon;6156000000;;Annually;Aa1;14/04/2026;2047-04-14;1000.0;1000.0;4;1;24.98;1.375;95;97.254;1.5;486.0;6682.5;3.2180755046974316;0.3184537311185346;1;0.0;0.0
Compagnie de Financement Foncier SA;BPCERF;2016-04-28;FR0013160959;FR0013160959=;Euro;France;Corporate;Obligation Fonciere (Covered Bond);Plain Vanilla Fixed Coupon;1185000000;;Annually;Aaa;28/04/2026;2031-04-28;100000.0;100000.0;4;1;9.0;1.2;100;95.855;1.685;5.0;6000.0;2.1972245773362196;0.1823215567939546;0;0.0;0.0
Finland, Republic of (Government);FINL;2018-02-12;FI4000306758;FI0306758=;Euro;Finland;Govt/Treasury/Central Bank;Bond;Plain Vanilla Fixed Coupon;5454000000;;Annually;Aa1;14/04/2026;2034-04-14;1000.0;1000.0;4;1;11.97;1.125;95;96.071;1.481;480.0;5400.0;2.482403519569882;0.11778303565638346;1;0.0;0.0
ABN Amro Bank NV;ABNAM;2019-04-22;XS1985004370;XS1985004370=;Euro;Netherlands;Corporate;Covered Bond (Other);Plain Vanilla Fixed Coupon;1250000000;;Annually;Aaa;22/04/2026;2039-04-22;100000.0;100000.0;4;1;16.99;1.125;100;87.909;3.29;4.0;4500.0;2.8326249356838407;0.11778303565638346;0;0.0;0.0
Banco de Sabadell SA;SABE;2017-04-25;ES0413860596;DEA19GLZ=;Euro;Spain;Corporate;Cedula Hipotecaria (Covered Bond);Plain Vanilla Fixed Coupon;1100000000;Investment Grade;Annually;Aa1;25/04/2026;2027-04-25;100000.0;100000.0;4;1;4.99;1.0;95;97.654;1.532;5.0;5000.0;1.6074359097634274;0.0;0;0.0;0.0
Caisse Francaise de Financement Local SA;CDCEAF;2018-04-24;FR0013330693;FR0013330693=;Euro;France;Corporate;Obligation de Financement de l'Habitat (Covered Bond);Plain Vanilla Fixed Coupon;1650000000;Investment Grade;Annually;Aaa;24/04/2026;2028-04-24;100000.0;100000.0;4;1;5.99;1.0;100;97.223;1.474;5.0;5000.0;1.7900914121273581;0.0;0;0.0;0.0
ABN Amro Bank NV;ABNAM;2016-04-12;XS1394791492;XS1394791492=;Euro;Netherlands;Corporate;Covered Bond (Other);Plain Vanilla Fixed Coupon;2250000000;;Annually;Aaa;12/04/2026;2031-04-12;100000.0;100000.0;4;1;8.96;1.0;100;94.433;1.68;5.0;5000.0;2.192770226986839;0.0;0;0.0;0.0
ING Bank NV;INGABK;2018-04-10;XS1805257265;XS1805257265=;Euro;Netherlands;Corporate;Covered Bond (Other);Plain Vanilla Fixed Coupon;1750000000;Investment Grade;Annually;Aaa;10/04/2026;2028-04-10;100000.0;100000.0;4;1;5.95;0.875;100;96.651;1.47;5.0;4375.0;1.7833912195575383;-0.13353139262452263;0;0.0;0.0
Finland, Republic of (Government);FINL;2015-03-09;FI4000148630;FI0148630=;Euro;Finland;Govt/Treasury/Central Bank;Bond;Plain Vanilla Fixed Coupon;4899000000;;Annually;Aa1;14/04/2026;2031-04-14;1000.0;1000.0;4;1;8.96;0.75;95;95.702;1.253;479.0;3592.5;2.192770226986839;-0.2876820724517809;0;0.0;0.0
Ireland (Government);IRELND;2021-04-21;IE00BMQ5JM72;IET05541=;Euro;Ireland;Govt/Treasury/Central Bank;Irish Government Bond;Plain Vanilla Fixed Coupon;4532500000;;Annually;Aa3;21/04/2026;2041-04-21;0.01;0.01;4;1;18.99;0.55;85;79.391;1.83;39695500.0;2183.2525;2.9439125248241944;-0.5978370007556204;0;1.0;4.0
Germany, Federal Republic of (Government);BNDLK;2014-04-09;DE0001030559;DE103055=;Euro;Germany;Govt/Treasury/Central Bank;Bundesanleihe;Plain Vanilla Fixed Coupon;22150000000;Investment Grade;Annually;Aaa;14/04/2026;2030-04-14;0.01;0.01;4;1;7.96;0.5;100;123.652;0.8;61826000.0;3091.3;2.0744289998562917;-0.6931471805599453;1;0.0;0.0
Austria, Republic of (Government);AUST;2017-04-19;AT0000A1VGK0;AT0000A1VGK0=;Euro;Austria;Govt/Treasury/Central Bank;Bundesanleihe;Plain Vanilla Fixed Coupon;15799028000;Investment Grade;Annually;Aa1;19/04/2026;2027-04-19;1000.0;1000.0;4;1;4.98;0.5;95;98.257;0.886;491.0;2455.0;1.6054298910365616;-0.6931471805599453;0;1.0;2.0
Spain, Kingdom of (Government);DEUDA;2020-01-20;ES0000012F76;ES000012F7=;Euro;Spain;Govt/Treasury/Central Bank;Bono del Estado;Plain Vanilla Fixed Coupon;27595383000;Investment Grade;Annually;Baa1;29/04/2026;2030-04-29;1000.0;1000.0;4;1;8.01;0.5;65;91.459;1.64;457.0;2285.0;2.080690761080268;-0.6931471805599453;0;0.0;0.0
Finland, Republic of (Government);FINL;2022-02-01;FI4000517677;FI0517677=;Euro;Finland;Govt/Treasury/Central Bank;Bond;Plain Vanilla Fixed Coupon;5420000000;;Annually;Aa1;14/04/2026;2043-04-14;1000.0;1000.0;4;1;20.97;0.5;95;80.207;3.32;401.0;2005.0;3.0430928449138284;-0.6931471805599453;0;0.0;0.0
Compagnie de Financement Foncier SA;BPCERF;2019-04-08;FR0013413382;FR0013413382=;Euro;France;Corporate;Obligation Fonciere (Covered Bond);Plain Vanilla Fixed Coupon;1250000000;Investment Grade;Annually;Aaa;08/04/2026;2027-04-08;100000.0;100000.0;4;1;4.95;0.375;100;95.066;2.1;5.0;1875.0;1.599387576580599;-0.9808292530117262;0;0.0;0.0
BNP Paribas Home Loan SFH SA;BNPHM;2020-04-15;FR0013508231;FR0013508231=;Euro;France;Corporate;Obligation de Financement de l'Habitat (Covered Bond);Plain Vanilla Fixed Coupon;2000000000;Investment Grade;Annually;A1;15/04/2026;2029-04-15;100000.0;100000.0;4;1;6.97;0.345;80;92.459;2.66;5.0;1725.0;1.9416152247724325;-1.0642108619507773;0;0.0;0.0
Ireland (Government);IRELND;2013-01-17;IE00B8RZMN07;IET59242A=;Euro;Ireland;Govt/Treasury/Central Bank;Irish Government Bond;Plain Vanilla Fixed Coupon;71542412000;;Annually;Aa3;19/05/2026;2042-05-19;0.01;0.01;5;1;20.07;5.92;85;143.44;1.6915;71720000.0;42458.24;2.9992261628082466;1.7783364488959144;1;10.0;19.0
AyT Cedulas Cajas Global FTA;AYTCJ;2007-05-24;ES0312298120;DEA0NVJQ=;Euro;Spain;Corporate;Cedula Multicedente (Covered Bond);Plain Vanilla Fixed Coupon;1545000000;Investment Grade;Annually;Aa1;24/05/2026;2030-05-24;100000.0;100000.0;5;1;8.07;4.75;95;114.786;1.717;6.0;28500.0;2.0881534822818573;1.55814461804655;1;10.0;7.0
Banco Santander SA;SAN;2007-05-03;ES0413900160;DEA0NT3B=;Euro;Spain;Corporate;Cedula Hipotecaria (Covered Bond);Plain Vanilla Fixed Coupon;1500000000;Investment Grade;Annually;Aa1;03/05/2026;2027-05-03;100000.0;100000.0;5;1;5.01;4.625;95;115.279;1.454;6.0;27750.0;1.6114359150967734;1.5314763709643886;1;4.0;2.0
France, Republic of (Government);OAT;2013-04-03;FR0011461037;FR0011461037=;Euro;France;Govt/Treasury/Central Bank;Obligation Assimilable du Tresor;Plain Vanilla Fixed Coupon;31657000000;;Annually;Aa3;24/05/2026;2045-05-24;1.0;1.0;5;1;23.08;3.25;85;127.457;1.7775;637285.0;20711.7625;3.138966441639899;1.1786549963416462;1;6.0;0.0
France, Republic of (Government);OAT;2014-05-05;FR0011883966;FR0011883966=;Euro;France;Govt/Treasury/Central Bank;Obligation Assimilable du Tresor;Plain Vanilla Fixed Coupon;64301000000;Investment Grade;Annually;Aa3;24/05/2026;2030-05-24;1.0;1.0;5;1;8.07;2.5;85;110.222;1.1517;551110.0;13777.75;2.0881534822818573;0.9162907318741551;1;1.0;0.0
Austria, Republic of (Government);AUST;2013-04-16;AT0000A10683;AT0000A10683=;Euro;Austria;Govt/Treasury/Central Bank;Bundesanleihe;Plain Vanilla Fixed Coupon;10029919000;;Annually;Aa1;22/05/2026;2034-05-22;1000.0;1000.0;5;1;12.07;2.4;95;110.43;1.4661;552.0;13248.0;2.4907230351094403;0.8754687373538999;1;1.0;0.0
Ireland (Government);IRELND;2014-11-10;IE00BJ38CR43;IET2430=;Euro;Ireland;Govt/Treasury/Central Bank;Irish Government Bond;Plain Vanilla Fixed Coupon;9408550000;Investment Grade;Annually;Aa3;14/05/2026;2030-05-14;0.01;0.01;5;1;8.05;2.4;85;108.7295;1.241;54364750.0;13047.54;2.0856720914304723;0.8754687373538999;1;2.0;4.0
Italy, Republic of (Government);BTP;2017-01-31;IT0005240830;IT524083=;Euro;Italy;Govt/Treasury/Central Bank;Bond;Plain Vanilla Fixed Coupon;19869551000;Investment Grade;Semiannually;Baa3;30/11/2025;2027-05-31;1000.0;1000.0;5;2;5.09;2.2;55;101.517;1.886;508.0;11176.0;1.6272778305624314;0.7884573603642703;2;10.0;0.0
France, Republic of (Government);OAT;2017-05-24;FR0013257524;FR0013257524=;Euro;France;Govt/Treasury/Central Bank;Obligation Assimilable du Tresor;Plain Vanilla Fixed Coupon;30644000000;;Annually;Aa3;24/05/2026;2048-05-24;1.0;1.0;5;1;26.09;2.0;85;103.677;1.814;518385.0;10367.7;3.261552099148637;0.6931471805599453;1;0.0;0.0
Bpifrance SA;BPIFN;2015-06-18;FR0012792000;FR0012792000=;Euro;France;Corporate;Bond;Plain Vanilla Fixed Coupon;1540000000;Investment Grade;Annually;Aa3;24/05/2026;2030-05-24;100000.0;100000.0;5;1;8.07;1.875;85;103.302;1.418;5.0;9375.0;2.0881534822818573;0.6286086594223741;0;0.0;0.0
France, Republic of (Government);OAT;2016-04-18;FR0013154028;FR0013154028=;Euro;France;Govt/Treasury/Central Bank;Obligation Assimilable du Tresor;Plain Vanilla Fixed Coupon;18394000000;;Annually;Aa3;24/05/2026;2066-05-24;1.0;1.0;5;1;44.1;1.75;85;95.325;1.892;476625.0;8340.9375;3.7864597824528;0.5596157879354227;1;0.0;0.0
Ireland (Government);IRELND;2017-01-10;IE00BV8C9B83;IET1737=;Euro;Ireland;Govt/Treasury/Central Bank;Irish Government Bond;Plain Vanilla Fixed Coupon;8917450000;;Annually;Aa3;14/05/2026;2037-05-14;0.01;0.01;5;1;15.05;1.7;85;99.724;1.711;49862000.0;8476.54;2.711377991194885;0.5306282510621704;1;0.0;0.0
France, Republic of (Government);OAT;2015-10-04;FR0012993103;FR0012993103=;Euro;France;Govt/Treasury/Central Bank;Obligation Assimilable du Tresor;Plain Vanilla Fixed Coupon;65270000000;;Annually;Aa3;24/05/2026;2031-05-24;1.0;1.0;5;1;9.07;1.5;85;101.815;1.2815;509075.0;7636.125;2.2049722641270453;0.4054651081081644;1;0.0;0.0
France, Republic of (Government);OAT;2019-02-25;FR0013404969;FR0013404969=;Euro;France;Govt/Treasury/Central Bank;Obligation Assimilable du Tresor;Plain Vanilla Fixed Coupon;34348000000;;Annually;Aa3;24/05/2026;2050-05-24;1.0;1.0;5;1;28.09;1.5;85;92.574;1.8316;462870.0;6943.05;3.335413641116152;0.4054651081081644;1;0.0;0.0
Ireland (Government);IRELND;2019-05-15;IE00BH3SQB22;IET1H50=;Euro;Ireland;Govt/Treasury/Central Bank;Irish Government Bond;Plain Vanilla Fixed Coupon;9181280000;;Annually;Aa3;14/05/2026;2050-05-14;0.01;0.01;5;1;28.06;1.5;85;91.079;1.891;45539500.0;6830.925;3.3343450746743146;0.4054651081081644;1;0.0;0.0
BNP Paribas SA;BNPP;2019-05-27;FR0013422011;FR0013422011=;Euro;France;Corporate;Bond;Plain Vanilla Fixed Coupon;1450000000;Investment Grade;Annually;Baa1;27/05/2026;2029-05-27;100000.0;100000.0;5;1;7.08;1.375;65;92.331;2.543;5.0;6875.0;1.9572739077056285;0.3184537311185346;0;0.0;0.0
Italy, Republic of (Government);BTPI;2017-03-13;IT0005246134;IT524613=;Euro;Italy;Govt/Treasury/Central Bank;Bond;Plain Vanilla Fixed Coupon;15872531000;Investment Grade;Semiannually;Baa3;14/11/2025;2028-05-14;1000.0;1000.0;5;2;6.05;1.3;55;113.473;2.098;567.0;7371.0;1.80005827204275;0.26236426446749106;2;0.0;0.0
Ireland (Government);IRELND;2018-04-16;IE00BFZRPZ02;IET1333=;Euro;Ireland;Govt/Treasury/Central Bank;Irish Government Bond;Plain Vanilla Fixed Coupon;5394830000;;Annually;Aa3;14/05/2026;2033-05-14;0.01;0.01;5;1;11.05;1.3;85;96.531;1.638;48265500.0;6274.515;2.402430427963762;0.26236426446749106;1;0.0;0.0
France, Republic of (Government);OAT;2018-02-04;FR0013313582;FR0013313582=;Euro;France;Govt/Treasury/Central Bank;Obligation Assimilable du Tresor;Plain Vanilla Fixed Coupon;60455000000;;Annually;Aa3;24/05/2026;2034-05-24;1.0;1.0;5;1;12.08;1.25;85;96.54;1.5633;482700.0;6033.75;2.4915511925066687;0.22314355131420976;1;0.0;0.0
Unedic;UNEDI;2018-05-29;FR0013336492;FR0013336492=;Euro;France;Corporate;Bond;Plain Vanilla Fixed Coupon;2000000000;;Annually;Aa3;24/05/2026;2033-05-24;100000.0;100000.0;5;1;11.08;1.25;85;95.442;1.684;5.0;6250.0;2.405141681319138;0.22314355131420976;0;0.0;0.0
Cooperatieve Rabobank UA;RABO;2017-05-30;XS1622193321;DEA19H49=;Euro;Netherlands;Corporate;Covered Bond (Other);Plain Vanilla Fixed Coupon;1370000000;;Annually;Aaa;30/05/2026;2032-05-30;100000.0;100000.0;5;1;10.09;1.25;100;95.316;1.76;5.0;6250.0;2.3115448343655176;0.22314355131420976;0;0.0;0.0
France, Republic of (Government);OAT;2016-04-18;FR0013154044;FR0013154044=;Euro;France;Govt/Treasury/Central Bank;Obligation Assimilable du Tresor;Plain Vanilla Fixed Coupon;54657000000;;Annually;Aa3;24/05/2026;2036-05-24;1.0;1.0;5;1;14.08;1.25;85;95.099;1.6329;475495.0;5943.6875;2.644755350729896;0.22314355131420976;1;0.0;0.0
Ireland (Government);IRELND;2019-01-15;IE00BH3SQ895;IET1129=;Euro;Ireland;Govt/Treasury/Central Bank;Irish Government Bond;Plain Vanilla Fixed Coupon;10227700000;Investment Grade;Annually;Aa3;14/05/2026;2029-05-14;0.01;0.01;5;1;7.05;1.1;85;99.395;1.186;49697500.0;5466.725;1.9530276168241774;0.09531017980432493;1;0.0;0.0
France, Republic of (Government);OAT;2017-04-09;FR0013250560;FR0013250560=;Euro;France;Govt/Treasury/Central Bank;Obligation Assimilable du Tresor;Plain Vanilla Fixed Coupon;45339000000;Investment Grade;Annually;Aa3;24/05/2026;2027-05-24;1.0;1.0;5;1;5.07;1.0;85;100.511;0.8861;502555.0;5025.55;1.623340817603092;0.0;1;2.0;3.0
Bpifrance SA;BPIFN;2017-05-16;FR0013256369;FR0013256369=;Euro;France;Corporate;Bond;Plain Vanilla Fixed Coupon;2000000000;Investment Grade;Annually;Aa3;24/05/2026;2027-05-24;100000.0;100000.0;5;1;5.07;1.0;85;99.493;1.09;5.0;5000.0;1.623340817603092;0.0;0;0.0;0.0
Ireland (Government);IRELND;2018-01-09;IE00BDHDPR44;IET0928=;Euro;Ireland;Govt/Treasury/Central Bank;Irish Government Bond;Plain Vanilla Fixed Coupon;8683000000;Investment Grade;Annually;Aa3;14/05/2026;2028-05-14;0.01;0.01;5;1;6.05;0.9;85;99.016;1.05;49508000.0;4455.72;1.80005827204275;-0.10536051565782628;0;0.0;0.0
Unedic;UNEDI;2018-10-02;FR0013369758;FR0013369758=;Euro;France;Corporate;Bond;Plain Vanilla Fixed Coupon;2000000000;Investment Grade;Annually;Aa3;24/05/2026;2028-05-24;100000.0;100000.0;5;1;6.07;0.875;85;97.783;1.233;5.0;4375.0;1.803358605071407;-0.13353139262452263;0;0.0;0.0
Banco Santander SA;SAN;2019-05-08;ES0413900558;DEA2R1SB=;Euro;Spain;Corporate;Cedula Hipotecaria (Covered Bond);Plain Vanilla Fixed Coupon;1500000000;;Annually;Aa1;08/05/2026;2031-05-08;100000.0;100000.0;5;1;9.03;0.875;95;92.818;1.763;5.0;4375.0;2.200552367428894;-0.13353139262452263;0;0.0;0.0
Credit Agricole Home Loan SFH SA;CAGRAH;2019-05-05;FR0013417334;FR0013417334=;Euro;France;Corporate;Obligation de Financement de l'Habitat (Covered Bond);Plain Vanilla Fixed Coupon;1250000000;;Annually;Aaa;05/05/2026;2034-05-05;100000.0;100000.0;5;1;12.02;0.875;100;89.491;3.04;4.0;3500.0;2.4865719291070616;-0.13353139262452263;0;0.0;0.0
France, Republic of (Government);OAT;2017-10-08;FR0013286192;FR0013286192=;Euro;France;Govt/Treasury/Central Bank;Obligation Assimilable du Tresor;Plain Vanilla Fixed Coupon;65097000000;Investment Grade;Annually;Aa3;24/05/2026;2028-05-24;1.0;1.0;5;1;6.07;0.75;85;98.59;0.99;492950.0;3697.125;1.803358605071407;-0.2876820724517809;0;0.0;0.0
Credit Agricole Home Loan SFH SA;CAGRAH;2017-05-04;FR0013254273;FR0013254273=;Euro;France;Corporate;Obligation de Financement de l'Habitat (Covered Bond);Plain Vanilla Fixed Coupon;1500000000;Investment Grade;Annually;Aaa;04/05/2026;2027-05-04;100000.0;100000.0;5;1;5.02;0.75;100;96.679;1.44;5.0;3750.0;1.6134299337036377;-0.2876820724517809;0;0.0;0.0
France, Republic of (Government);OAT;2020-02-03;FR0013480613;FR0013480613=;Euro;France;Govt/Treasury/Central Bank;Obligation Assimilable du Tresor;Plain Vanilla Fixed Coupon;33622000000;;Annually;Aa3;24/05/2026;2052-05-24;1.0;1.0;5;1;30.09;0.75;85;74.353;1.8607;371765.0;2788.2375;3.4041928906419536;-0.2876820724517809;0;0.0;2.0
France, Republic of (Government);OAT;2021-07-12;FR0014004J31;FR0014004J31=;Euro;France;Govt/Treasury/Central Bank;Obligation Assimilable du Tresor;Plain Vanilla Fixed Coupon;33416000000;;Annually;Aa3;24/05/2026;2053-05-24;1.0;1.0;5;1;31.09;0.75;85;72.925;3.82;364625.0;2734.6875;3.4368862240706624;-0.2876820724517809;0;0.0;0.0
France, Republic of (Government);OAT;2019-03-10;FR0013407236;FR0013407236=;Euro;France;Govt/Treasury/Central Bank;Obligation Assimilable du Tresor;Plain Vanilla Fixed Coupon;58805000000;Investment Grade;Annually;Aa3;24/05/2026;2029-05-24;1.0;1.0;5;1;7.07;0.5;85;95.893;1.11;479465.0;2397.325;1.9558604799084813;-0.6931471805599453;0;0.0;5.0
Unedic;UNEDI;2021-06-22;FR00140045Z3;FR00140045Z3=;Euro;France;Corporate;Bond;Plain Vanilla Fixed Coupon;2000000000;;Annually;Aa3;24/05/2026;2036-05-24;100000.0;100000.0;5;1;14.08;0.5;85;83.06;3.31;4.0;2000.0;2.644755350729896;-0.6931471805599453;0;0.0;0.0
France, Republic of (Government);OAT;2020-06-02;FR0013515806;FR0013515806=;Euro;France;Govt/Treasury/Central Bank;Obligation Assimilable du Tresor;Plain Vanilla Fixed Coupon;32155000000;;Annually;Aa3;24/05/2026;2040-05-24;1.0;1.0;5;1;18.08;0.5;85;80.707;3.56;403535.0;2017.675;2.89480635496403;-0.6931471805599453;0;0.0;2.0
France, Republic of (Government);OAT;2021-01-25;FR0014001NN8;FR0014001NN8=;Euro;France;Govt/Treasury/Central Bank;Obligation Assimilable du Tresor;Plain Vanilla Fixed Coupon;14472000000;;Annually;Aa3;24/05/2026;2072-05-24;1.0;1.0;5;1;50.1;0.5;85;53.6;3.55;268000.0;1340.0;3.914021008090819;-0.6931471805599453;0;8.0;9.0
Italy, Republic of (Government);BTPI;2019-10-08;IT0005387052;IT538705=;Euro;Italy;Govt/Treasury/Central Bank;Bond;Plain Vanilla Fixed Coupon;15808270000;Investment Grade;Semiannually;Baa3;14/11/2025;2030-05-14;1000.0;1000.0;5;2;8.05;0.4;55;106.003;2.579;530.0;2120.0;2.0856720914304723;-0.916290731874155;2;0.0;0.0
Ireland (Government);IRELND;2020-01-14;IE00BKFVC345;IET0435=;Euro;Ireland;Govt/Treasury/Central Bank;Irish Government Bond;Plain Vanilla Fixed Coupon;5365750000;;Annually;Aa3;14/05/2026;2035-05-14;0.01;0.01;5;1;13.05;0.4;85;85.135;1.657;42567500.0;1702.7;2.5687881337687024;-0.916290731874155;0;0.0;0.0
Belgium, Kingdom of (Government);OLO71;2013-09-16;BE0000331406;BE331=;Euro;Belgium;Govt/Treasury/Central Bank;Bond;Plain Vanilla Fixed Coupon;9945000000;;Annually;Aa3;21/06/2026;2045-06-21;0.01;0.01;6;1;23.16;3.75;85;133.357;1.95;66678500.0;25004.4375;3.1424266527047946;1.3217558399823195;1;13.0;1.0
Austria, Republic of (Government);AUST;2012-07-02;AT0000A0VRQ6;AT0000A0VRQ6=;Euro;Austria;Govt/Treasury/Central Bank;Bundesanleihe;Plain Vanilla Fixed Coupon;10564275000;;Annually;Aa1;19/06/2026;2044-06-19;1000.0;1000.0;6;1;22.16;3.15;95;130.578;1.5249;653.0;20569.5;3.098288861879083;1.1474024528375417;1;2.0;0.0
Belgium, Kingdom of (Government);OLO73;2014-03-17;BE0000333428;BE333=;Euro;Belgium;Govt/Treasury/Central Bank;Bond;Plain Vanilla Fixed Coupon;11676000000;;Annually;Aa3;21/06/2026;2034-06-21;0.01;0.01;6;1;12.15;3.0;85;115.437;1.59;57718500.0;17315.55;2.4973291697865574;1.0986122886681098;1;8.0;0.0
Belgium, Kingdom of (Government);OLO83;2017-02-13;BE0000343526;BE343=;Euro;Belgium;Govt/Treasury/Central Bank;Bond;Plain Vanilla Fixed Coupon;8544000000;;Annually;Aa3;21/06/2026;2057-06-21;0.01;0.01;6;1;35.17;2.25;85;106.05;2.01;53025000.0;11930.625;3.5601934464858913;0.8109302162163288;1;0.0;0.0
Belgium, Kingdom of (Government);OLO80;2016-05-05;BE0000340498;BE340=;Euro;Belgium;Govt/Treasury/Central Bank;Bond;Plain Vanilla Fixed Coupon;8775000000;;Annually;Aa3;21/06/2026;2066-06-21;0.01;0.01;6;1;44.18;2.15;85;103.19;2.04;51595000.0;11092.925;3.788272197991971;0.7654678421395714;1;0.0;0.0
Portugal, Republic of (Government);PORTGL;2019-01-15;PTOTEXOE0024;PTOTEXOE024=;Euro;Portugal;Govt/Treasury/Central Bank;Obrigacao do Tesouro;Plain Vanilla Fixed Coupon;13038995000;Investment Grade;Annually;A3;14/06/2026;2029-06-14;0.01;0.01;6;1;7.13;1.95;70;102.642;1.569;51321000.0;10007.595;1.9643112344262046;0.6678293725756554;1;0.0;0.0
Belgium, Kingdom of (Government);OLO76;2015-09-15;BE0000336454;BE336=;Euro;Belgium;Govt/Treasury/Central Bank;Bond;Plain Vanilla Fixed Coupon;10569000000;;Annually;Aa3;21/06/2026;2038-06-21;0.01;0.01;6;1;16.16;1.9;85;101.784;1.77;50892000.0;9669.48;2.7825390530929495;0.6418538861723947;1;0.0;0.0
France, Republic of (Government);OAT;2017-01-30;FR0013234333;FR0013234333=;Euro;France;Govt/Treasury/Central Bank;Obligation Assimilable du Tresor;Plain Vanilla Fixed Coupon;36304000000;;Annually;Aa3;24/06/2026;2039-06-24;1.0;1.0;6;1;17.16;1.75;85;101.552;1.639;507760.0;8885.8;2.8425810940598164;0.5596157879354227;1;0.0;0.0
Belgium, Kingdom of (Government);OLO78;2016-03-07;BE0000338476;BE338=;Euro;Belgium;Govt/Treasury/Central Bank;Bond;Plain Vanilla Fixed Coupon;11064000000;;Annually;Aa3;21/06/2026;2047-06-21;0.01;0.01;6;1;25.16;1.6;85;92.815;3.66;46407500.0;7425.2;3.22525543183224;0.47000362924573563;0;0.0;0.0
Caisse Francaise de Financement Local SA;CDCEAF;2018-06-27;FR0013345485;FR0013345485=;Euro;France;Corporate;Obligation Fonciere (Covered Bond);Plain Vanilla Fixed Coupon;1050000000;;Annually;Aaa;27/06/2026;2038-06-27;100000.0;100000.0;6;1;16.17;1.5;100;93.878;1.95;5.0;7500.0;2.783157673589016;0.4054651081081644;0;0.0;0.0
Belgium, Kingdom of (Government);OLO84;2017-05-30;BE0000344532;BE344=;Euro;Belgium;Govt/Treasury/Central Bank;Bond;Plain Vanilla Fixed Coupon;7774000000;;Annually;Aa3;21/06/2026;2037-06-21;0.01;0.01;6;1;15.16;1.45;85;95.649;1.78;47824500.0;6934.5525;2.7186603802142257;0.371563556432483;1;0.0;0.0
Societe Generale SA;SOGN;2020-06-11;FR0013518057;FR0013518057=;Euro;France;Corporate;Bond;Plain Vanilla Fixed Coupon;1100000000;Investment Grade;Annually;Baa2;11/06/2026;2030-06-11;100000.0;100000.0;6;1;8.12;1.25;60;87.801;2.927;4.0;5000.0;2.0943301541735866;0.22314355131420976;0;0.0;0.0
Societe Generale SFH SA;SOGNER;2016-06-23;FR0013184231;FR0013184231=;Euro;France;Corporate;Obligation de Financement de l'Habitat (Covered Bond);Plain Vanilla Fixed Coupon;1500000000;;Annually;Aaa;23/06/2026;2031-06-23;100000.0;100000.0;6;1;9.16;1.15;100;93.786;1.804;5.0;5750.0;2.214846178686039;0.13976194237515863;0;0.0;0.0
Belgium, Kingdom of (Government);OLO75;2015-02-16;BE0000335449;BE335=;Euro;Belgium;Govt/Treasury/Central Bank;Bond;Plain Vanilla Fixed Coupon;17922000000;;Annually;Aa3;21/06/2026;2031-06-21;0.01;0.01;6;1;9.15;1.0;85;96.994;1.35;48497000.0;4849.7;2.21375387928743;0.0;1;0.0;4.0
Belgium, Kingdom of (Government);OLO87;2019-01-14;BE0000347568;BE347=;Euro;Belgium;Govt/Treasury/Central Bank;Bond;Plain Vanilla Fixed Coupon;20304000000;Investment Grade;Annually;Aa3;21/06/2026;2029-06-21;0.01;0.01;6;1;7.15;0.9;85;98.35;1.14;49175000.0;4425.75;1.9671123567059163;-0.10536051565782628;0;0.0;2.0
BPCE SFH SA;BPCEBC;2016-06-29;FR0013186046;FR0013186046=;Euro;France;Corporate;Obligation de Financement de l'Habitat (Covered Bond);Plain Vanilla Fixed Coupon;1500000000;;Annually;Aaa;29/06/2026;2031-06-29;100000.0;100000.0;6;1;9.17;0.875;100;93.02;1.7;5.0;4375.0;2.2159372862683733;-0.13353139262452263;0;0.0;0.0
Austria, Republic of (Government);AUST;2020-06-29;AT0000A2HLC4;AT0000A2HLC4=;Euro;Austria;Govt/Treasury/Central Bank;Bundesanleihe;Plain Vanilla Fixed Coupon;5800000000;;Annually;Aa1;29/06/2026;2120-06-29;1000.0;1000.0;6;1;98.23;0.85;95;54.671;1.924;273.0;2320.5;4.5873116676867784;-0.16251892949777494;0;6.0;2.0
Belgium, Kingdom of (Government);OLO81;2017-01-23;BE0000341504;BE341=;Euro;Belgium;Govt/Treasury/Central Bank;Bond;Plain Vanilla Fixed Coupon;17005000000;Investment Grade;Annually;Aa3;21/06/2026;2027-06-21;0.01;0.01;6;1;5.15;0.8;85;99.519;0.9;49759500.0;3980.76;1.6389967146756448;-0.2231435513142097;0;0.0;0.0
Cooperatieve Rabobank UA;RABO;2019-06-20;XS2014373851;XS2014373851=;Euro;Netherlands;Corporate;Covered Bond (Other);Plain Vanilla Fixed Coupon;1550000000;;Annually;Aaa;20/06/2026;2039-06-20;100000.0;100000.0;6;1;17.15;0.75;100;82.4;3.28;4.0;3000.0;2.8419981736119486;-0.2876820724517809;0;0.0;0.0
EssilorLuxottica SA;ESLX;2020-06-04;FR0013516077;FR0013516077=;Euro;France;Corporate;Bond;Plain Vanilla Fixed Coupon;1250000000;Investment Grade;Annually;A2;04/06/2026;2028-06-04;100000.0;100000.0;6;1;6.1;0.5;75;93.717;1.555;5.0;2500.0;1.8082887711792655;-0.6931471805599453;0;0.0;0.0
France, Republic of (Government);OAT;2021-03-22;FR0014002JM6;FR0014002JM6=;Euro;France;Govt/Treasury/Central Bank;Obligation Assimilable du Tresor;Plain Vanilla Fixed Coupon;23870000000;;Annually;Aa3;24/06/2026;2044-06-24;1.0;1.0;6;1;22.17;0.5;85;76.662;3.64;383310.0;1916.55;3.09874002362822;-0.6931471805599453;0;0.0;0.0
Germany, Federal Republic of (Government);BUND;1997-07-03;DE0001135044;DE113504=;Euro;Germany;Govt/Treasury/Central Bank;Bundesanleihe;Plain Vanilla Fixed Coupon;13750000000;Investment Grade;Annually;Aaa;03/07/2025;2027-07-03;0.01;0.01;7;1;5.18;6.5;100;129.504;0.6616;64752000.0;42088.8;1.6448050562713916;1.8718021769015913;1;14.0;26.0
Austria, Republic of (Government);AUST;1997-07-10;AT0000383864;AT0000383864=;Euro;Austria;Govt/Treasury/Central Bank;Bundesanleihe;Plain Vanilla Fixed Coupon;9699531002;Investment Grade;Annually;Aa1;14/07/2025;2027-07-14;0.01;0.01;7;1;5.21;6.25;95;127.866;0.76;63933000.0;39958.125;1.6505798557652755;1.8325814637483102;1;14.0;25.0
Spain, Kingdom of (Government);DEUDA;2011-03-14;ES00000123C7;ES0000123C=;Euro;Spain;Govt/Treasury/Central Bank;Obligacion del Estado;Plain Vanilla Fixed Coupon;25659627000;Investment Grade;Annually;Baa1;29/07/2025;2026-07-29;1000.0;1000.0;7;1;4.25;5.9;65;119.695;1.12;598.0;35282.0;1.4469189829363254;1.7749523509116738;1;14.0;24.0
Spain, Kingdom of (Government);DEUDA;2001-01-22;ES0000012411;ES00001241=;Euro;Spain;Govt/Treasury/Central Bank;Obligacion del Estado;Plain Vanilla Fixed Coupon;41289456710;;Annually;Baa1;29/07/2025;2032-07-29;1000.0;1000.0;7;1;10.26;5.75;65;135.897;1.861;679.0;39042.5;2.3282528397426234;1.749199854809259;1;5.0;6.0
Italy, Republic of (Government);BTP;2007-10-22;IT0004286966;IT428696=;Euro;Italy;Govt/Treasury/Central Bank;Bond;Plain Vanilla Fixed Coupon;26589265000;;Semiannually;Baa3;31/07/2025;2039-07-31;1000.0;1000.0;7;2;17.27;5.0;55;127.171;2.9925;636.0;31800.0;2.848970892158587;1.6094379124341003;2;0.0;0.0
Italy, Republic of (Government);BTP;2003-09-23;IT0003535157;IT353515=;Euro;Italy;Govt/Treasury/Central Bank;Bond;Plain Vanilla Fixed Coupon;29290621000;;Semiannually;Baa3;31/07/2025;2034-07-31;1000.0;1000.0;7;2;12.26;5.0;55;123.425;2.7375;617.0;30850.0;2.506341930508065;1.6094379124341003;2;0.0;0.0
Spain, Kingdom of (Government);DEUDA;2007-06-19;ES00000120N0;ES0000120N=;Euro;Spain;Govt/Treasury/Central Bank;Obligacion del Estado;Plain Vanilla Fixed Coupon;22147795000;;Annually;Baa1;29/07/2025;2040-07-29;1000.0;1000.0;7;1;18.26;4.9;65;139.921;2.204;700.0;34300.0;2.9047128751668225;1.589235205116581;1;2.0;4.0
Germany, Federal Republic of (Government);BUND;2008-07-24;DE0001135366;DE113536=;Euro;Germany;Govt/Treasury/Central Bank;Bundesanleihe;Plain Vanilla Fixed Coupon;22000000000;;Annually;Aaa;03/07/2025;2040-07-03;0.01;0.01;7;1;18.19;4.75;100;171.389;1.0333;85694500.0;40704.8875;2.900871992530031;1.55814461804655;1;0.0;0.0
Germany, Federal Republic of (Government);BUND;2003-01-30;DE0001135226;DE113522=;Euro;Germany;Govt/Treasury/Central Bank;Bundesanleihe;Plain Vanilla Fixed Coupon;24500000000;;Annually;Aaa;03/07/2025;2034-07-03;0.01;0.01;7;1;12.19;4.75;100;143.644;0.9325;71822000.0;34115.45;2.5006159434931803;1.55814461804655;1;5.0;2.0
Germany, Federal Republic of (Government);BUND;1998-10-08;DE0001135085;DE113508=;Euro;Germany;Govt/Treasury/Central Bank;Bundesanleihe;Plain Vanilla Fixed Coupon;13750000000;Investment Grade;Annually;Aaa;03/07/2025;2028-07-03;0.01;0.01;7;1;6.18;4.75;100;124.371;0.6854;62185500.0;29538.1125;1.8213182714695995;1.55814461804655;1;6.0;13.0
Spain, Kingdom of (Government);DEUDA;2009-09-27;ES00000121S7;ES0000121S=;Euro;Spain;Govt/Treasury/Central Bank;Obligacion del Estado;Plain Vanilla Fixed Coupon;25134531000;;Annually;Baa1;29/07/2025;2041-07-29;1000.0;1000.0;7;1;19.26;4.7;65;137.708;2.251;689.0;32383.0;2.9580304063699794;1.547562508716013;1;0.0;3.0
Germany, Federal Republic of (Government);BUND;2007-01-25;DE0001135325;DE113532=;Euro;Germany;Govt/Treasury/Central Bank;Bundesanleihe;Plain Vanilla Fixed Coupon;19250000000;;Annually;Aaa;03/07/2025;2039-07-03;0.01;0.01;7;1;17.19;4.25;100;150.337;1.0308;75168500.0;31946.6125;2.844327819394758;1.4469189829363254;1;2.0;0.0
Spain, Kingdom of (Government);DEUDA;2016-05-17;ES00000128E2;ES0000128E=;Euro;Spain;Govt/Treasury/Central Bank;Obligacion del Estado;Plain Vanilla Fixed Coupon;16037156000;;Annually;Baa1;29/07/2025;2066-07-29;1000.0;1000.0;7;1;44.28;3.45;65;115.097;2.828;575.0;19837.5;3.790533107840436;1.2383742310432684;1;0.0;0.0
France, Republic of (Government);OATI;1999-09-30;FR0000186413;FR0000186413=;Euro;France;Govt/Treasury/Central Bank;Obligation Assimilable du Tresor;Plain Vanilla Fixed Coupon;10701000000;Investment Grade;Annually;Aa3;24/07/2025;2029-07-24;1.0;1.0;7;1;7.24;3.4;85;141.62;1.032;708100.0;24075.4;1.979621206397625;1.2237754316221157;1;0.0;0.0
Germany, Federal Republic of (Government);BUND;2010-07-22;DE0001135432;DE113543=;Euro;Germany;Govt/Treasury/Central Bank;Bundesanleihe;Plain Vanilla Fixed Coupon;20000000000;;Annually;Aaa;03/07/2025;2042-07-03;0.01;0.01;7;1;20.19;3.25;100;140.418;1.0178;70209000.0;22817.925;3.005187432324746;1.1786549963416462;1;0.0;0.0
France, Republic of (Government);OATEI;2002-10-30;FR0000188799;FR0000188799=;Euro;France;Govt/Treasury/Central Bank;Obligation Assimilable du Tresor;Plain Vanilla Fixed Coupon;13929000000;;Annually;Aa3;24/07/2025;2032-07-24;1.0;1.0;7;1;10.24;3.15;85;153.1855;1.43;765928.0;24126.732;2.3263016196113617;1.1474024528375417;1;0.0;0.0
Italy, Republic of (Government);BTP;2019-02-28;IT0005365165;IT536516=;Euro;Italy;Govt/Treasury/Central Bank;Bond;Plain Vanilla Fixed Coupon;23966500000;Investment Grade;Semiannually;Baa3;31/07/2025;2029-07-31;1000.0;1000.0;7;2;7.26;3.0;55;104.483;2.333;522.0;15660.0;1.9823798288367047;1.0986122886681098;2;0.0;3.0
Portugal, Republic of (Government);PORTGL;2016-01-20;PTOTETOE0012;PTOTETOE012=;Euro;Portugal;Govt/Treasury/Central Bank;Obrigacao do Tesouro;Plain Vanilla Fixed Coupon;12173946000;Investment Grade;Annually;A3;20/07/2025;2026-07-20;0.01;0.01;7;1;4.23;2.875;70;107.395;1.07;53697500.0;15438.03125;1.4422019930581866;1.0560526742493137;1;2.0;0.0
Finland, Republic of (Government);FINL;2012-02-06;FI4000037635;FI0037635=;Euro;Finland;Govt/Treasury/Central Bank;Bond;Plain Vanilla Fixed Coupon;5300000000;Investment Grade;Annually;Aa1;03/07/2025;2028-07-03;1000.0;1000.0;7;1;6.18;2.75;95;110.63;0.957;553.0;15207.5;1.8213182714695995;1.0116009116784799;1;0.0;0.0
Finland, Republic of (Government);FINL;2012-07-02;FI4000046545;FI0046545=;Euro;Finland;Govt/Treasury/Central Bank;Bond;Plain Vanilla Fixed Coupon;5960000000;;Annually;Aa1;03/07/2025;2042-07-03;1000.0;1000.0;7;1;20.19;2.625;95;117.917;1.577;590.0;15487.5;3.005187432324746;0.965080896043587;1;0.0;0.0
Germany, Federal Republic of (Government);BUND;2012-04-26;DE0001135481;DE113548=;Euro;Germany;Govt/Treasury/Central Bank;Bundesanleihe;Plain Vanilla Fixed Coupon;32500000000;;Annually;Aaa;03/07/2025;2044-07-03;0.01;0.01;7;1;22.19;2.5;100;129.465;1.0081;64732500.0;16183.125;3.0996417369445024;0.9162907318741551;1;0.0;0.0
Spain, Kingdom of (Government);DEUDA;2017-02-28;ES00000128Q6;ES0000128Q=;Euro;Spain;Govt/Treasury/Central Bank;Obligacion del Estado;Plain Vanilla Fixed Coupon;22636542000;;Annually;Baa1;29/07/2025;2033-07-29;1000.0;1000.0;7;1;11.26;2.35;65;103.383;2.001;517.0;12149.5;2.421256622711544;0.8544153281560676;1;0.0;0.0
Italy, Republic of (Government);BTP;2019-04-14;IT0005370306;IT537030=;Euro;Italy;Govt/Treasury/Central Bank;Bond;Plain Vanilla Fixed Coupon;17785321000;Investment Grade;Semiannually;Baa3;14/07/2025;2026-07-14;1000.0;1000.0;7;2;4.21;2.1;55;101.571;1.72;508.0;10668.0;1.43746264769429;0.7419373447293773;2;0.0;0.0
Italy, Republic of (Government);BTP;2017-07-03;IT0005274805;IT527480=;Euro;Italy;Govt/Treasury/Central Bank;Bond;Plain Vanilla Fixed Coupon;20196628000;Investment Grade;Semiannually;Baa3;31/07/2025;2027-07-31;1000.0;1000.0;7;2;5.26;2.05;55;100.479;1.956;502.0;10291.0;1.6601310267496185;0.7178397931503168;2;0.0;0.0
Spain, Kingdom of (Government);DEUDA;2015-03-03;ES00000127A2;ES0000127A=;Euro;Spain;Govt/Treasury/Central Bank;Obligacion del Estado;Plain Vanilla Fixed Coupon;27928435000;Investment Grade;Annually;Baa1;29/07/2025;2030-07-29;1000.0;1000.0;7;1;8.25;1.95;65;101.912;1.687;510.0;9945.0;2.1102132003465894;0.6678293725756554;1;0.0;5.0
France, Republic of (Government);OATEI;2011-02-15;FR0011008705;FR0011008705=;Euro;France;Govt/Treasury/Central Bank;Obligation Assimilable du Tresor;Plain Vanilla Fixed Coupon;24562000000;Investment Grade;Annually;Aa3;24/07/2025;2027-07-24;1.0;1.0;7;1;5.24;1.85;85;124.545;0.895;622725.0;11520.4125;1.6563214983329508;0.6151856390902335;1;0.0;0.0
France, Republic of (Government);OATEI;2007-03-13;FR0010447367;FR0010447367=;Euro;France;Govt/Treasury/Central Bank;Obligation Assimilable du Tresor;Plain Vanilla Fixed Coupon;15556000000;;Annually;Aa3;24/07/2025;2040-07-24;1.0;1.0;7;1;18.25;1.8;85;157.457;1.749;787285.0;14171.13;2.9041650800285006;0.5877866649021191;1;0.0;0.0
BNP Paribas SA;BNPP;2019-07-01;FR0013431277;FR0013431277=;Euro;France;Corporate;Bond;Plain Vanilla Fixed Coupon;1108000000;;Annually;Baa2;01/07/2026;2031-07-01;100000.0;100000.0;7;1;9.18;1.625;60;85.824;3.424;4.0;6500.0;2.217027204632399;0.4855078157817008;0;0.0;0.0
Spain, Kingdom of (Government);DEUDA;2018-07-02;ES0000012B88;ES000012B8=;Euro;Spain;Govt/Treasury/Central Bank;Obligacion del Estado;Plain Vanilla Fixed Coupon;24863119000;Investment Grade;Annually;Baa1;29/07/2025;2028-07-29;1000.0;1000.0;7;1;6.25;1.4;65;99.801;1.43;499.0;6986.0;1.8325814637483102;0.3364722366212129;1;0.0;0.0
BNP Paribas Home Loan SFH SA;BNPHM;2018-10-10;FR0013371499;FR0013371499=;Euro;France;Corporate;Obligation de Financement de l'Habitat (Covered Bond);Plain Vanilla Fixed Coupon;1100000000;Investment Grade;Annually;A1;10/07/2025;2027-07-10;100000.0;100000.0;7;1;5.2;0.887;80;97.718;1.35;5.0;4435.0;1.6486586255873816;-0.11991029667255755;0;0.0;0.0
France, Republic of (Government);OATEI;2014-06-17;FR0011982776;FR0011982776=;Euro;France;Govt/Treasury/Central Bank;Obligation Assimilable du Tresor;Plain Vanilla Fixed Coupon;17232000000;Investment Grade;Annually;Aa3;24/07/2025;2030-07-24;1.0;1.0;7;1;8.24;0.7;85;122.77;1.172;613850.0;4296.95;2.1090003439213802;-0.35667494393873245;1;0.0;0.0
Bpifrance SA;BPIFN;2016-07-21;FR0013190220;FR0013190220=;Euro;France;Corporate;Bond;Plain Vanilla Fixed Coupon;1100000000;;Annually;Aa3;21/07/2025;2031-07-21;100000.0;100000.0;7;1;9.23;0.625;85;92.41;1.498;5.0;3125.0;2.222459048514761;-0.4700036292457356;0;0.0;0.0
Banco Santander Totta SA;SANHLD;2019-07-04;PTBSRGOM0034;PTBSRGOM034=;Euro;Portugal;Corporate;Obrigacao Hipotecaria (Covered Bond);Plain Vanilla Fixed Coupon;1100000000;Investment Grade;Annually;Aaa;04/07/2025;2029-07-04;100000.0;100000.0;7;1;7.19;0.412;100;91.357;2.64;5.0;2060.0;1.9726911717329554;-0.8867319296326107;0;0.0;0.0
Banco Santander SA;SAN;2019-07-09;ES0413900566;ES41390056=;Euro;Spain;Corporate;Cedula Hipotecaria (Covered Bond);Plain Vanilla Fixed Coupon;1500000000;Investment Grade;Annually;Aa1;09/07/2025;2029-07-09;100000.0;100000.0;7;1;7.2;0.25;95;90.851;1.628;5.0;1250.0;1.9740810260220096;-1.3862943611198906;0;0.0;0.0
Unedic;UNEDI;2020-07-15;FR0013524410;FR0013524410=;Euro;France;Corporate;Bond;Plain Vanilla Fixed Coupon;3500000000;;Annually;Aa3;15/07/2025;2035-07-15;100000.0;100000.0;7;1;13.22;0.25;85;81.578;1.812;4.0;1000.0;2.5817308344235403;-1.3862943611198906;0;0.0;0.0
Italy, Republic of (Government);BTP;2009-09-15;IT0004532559;IT453255=;Euro;Italy;Govt/Treasury/Central Bank;Bond;Plain Vanilla Fixed Coupon;25352355000;;Semiannually;Baa3;31/08/2025;2040-08-31;1000.0;1000.0;8;2;18.35;5.0;55;128.1835;3.0076;641.0;32050.0;2.9096295745005794;1.6094379124341003;2;0.0;0.0
Italy, Republic of (Government);BTP;2013-05-21;IT0004923998;IT492399=;Euro;Italy;Govt/Treasury/Central Bank;Bond;Plain Vanilla Fixed Coupon;20483479000;;Semiannually;Baa3;31/08/2025;2044-08-31;1000.0;1000.0;8;2;22.36;4.75;55;127.414;3.0641;637.0;30257.5;3.1072736482868986;1.55814461804655;2;0.0;0.0
Italy, Republic of (Government);BTP;2013-01-21;IT0004889033;IT488903=;Euro;Italy;Govt/Treasury/Central Bank;Bond;Plain Vanilla Fixed Coupon;26576154000;Investment Grade;Semiannually;Baa3;31/08/2025;2028-08-31;1000.0;1000.0;8;2;6.35;4.75;55;115.3685;2.1461;577.0;27407.5;1.8484548129046001;1.55814461804655;2;0.0;0.0
Italy, Republic of (Government);BTP;2019-02-12;IT0005363111;IT536311=;Euro;Italy;Govt/Treasury/Central Bank;Bond;Plain Vanilla Fixed Coupon;18117966000;;Semiannually;Baa3;31/08/2025;2049-08-31;1000.0;1000.0;8;2;27.36;3.85;55;112.808;3.164;564.0;21714.0;3.3090820927543496;1.3480731482996928;2;0.0;0.0
Italy, Republic of (Government);BTP;2015-01-21;IT0005083057;IT508305=;Euro;Italy;Govt/Treasury/Central Bank;Bond;Plain Vanilla Fixed Coupon;18904325000;;Semiannually;Baa3;31/08/2025;2046-08-31;1000.0;1000.0;8;2;24.36;3.25;55;102.998;3.0927;515.0;16737.5;3.192942442841696;1.1786549963416462;2;0.0;0.0
Italy, Republic of (Government);BTP;2018-01-16;IT0005321325;IT532132=;Euro;Italy;Govt/Treasury/Central Bank;Bond;Plain Vanilla Fixed Coupon;15963750000;;Semiannually;Baa3;31/08/2025;2038-08-31;1000.0;1000.0;8;2;16.35;2.95;55;99.981;2.963;500.0;14750.0;2.7942278973432626;1.0818051703517284;2;0.0;0.0
Germany, Federal Republic of (Government);BUND;2014-02-27;DE0001102341;DE110234=;Euro;Germany;Govt/Treasury/Central Bank;Bundesanleihe;Plain Vanilla Fixed Coupon;34250000000;;Annually;Aaa;14/08/2025;2046-08-14;0.01;0.01;8;1;24.31;2.5;100;132.166;0.9994;66083000.0;16520.75;3.1908877883280318;0.9162907318741551;1;0.0;0.0
Italy, Republic of (Government);BTP;2017-01-24;IT0005240350;IT524035=;Euro;Italy;Govt/Treasury/Central Bank;Bond;Plain Vanilla Fixed Coupon;22876925000;;Semiannually;Baa3;31/08/2025;2033-08-31;1000.0;1000.0;8;2;11.35;2.45;55;96.976;2.773;485.0;11882.5;2.4292177439274116;0.8960880245566357;2;0.0;0.0
Italy, Republic of (Government);BTP;2020-01-21;IT0005398406;IT539840=;Euro;Italy;Govt/Treasury/Central Bank;Bond;Plain Vanilla Fixed Coupon;16834623000;;Semiannually;Baa3;31/08/2025;2050-08-31;1000.0;1000.0;8;2;28.36;2.45;55;86.773;3.175;434.0;10633.0;3.344979701663927;0.8960880245566357;2;0.0;0.0
Italy, Republic of (Government);BTP;2016-04-25;IT0005177909;IT517790=;Euro;Italy;Govt/Treasury/Central Bank;Bond;Plain Vanilla Fixed Coupon;17178000000;;Semiannually;Baa3;31/08/2025;2036-08-31;1000.0;1000.0;8;2;14.35;2.25;55;92.684;2.89;463.0;10417.5;2.66374994220563;0.8109302162163288;2;0.0;0.0
Germany, Federal Republic of (Government);BUND;2017-09-21;DE0001102432;DE110243=;Euro;Germany;Govt/Treasury/Central Bank;Bundesanleihe;Plain Vanilla Fixed Coupon;39000000000;;Annually;Aaa;14/08/2025;2048-08-14;0.01;0.01;8;1;26.31;1.25;100;104.761;1.038;52380500.0;6547.5625;3.269949095052201;0.22314355131420976;1;0.0;2.0
Credit Agricole Home Loan SFH SA;CAGRAH;2018-07-11;FR0013348802;FR0013348802=;Euro;France;Corporate;Obligation de Financement de l'Habitat (Covered Bond);Plain Vanilla Fixed Coupon;1500000000;Investment Grade;Annually;Aaa;10/08/2025;2028-08-10;100000.0;100000.0;8;1;6.29;0.875;100;96.243;1.51;5.0;4375.0;1.8389610707123492;-0.13353139262452263;0;0.0;0.0
Germany, Federal Republic of (Government);BUND;2017-07-13;DE0001102424;DE110242=;Euro;Germany;Govt/Treasury/Central Bank;Bundesanleihe;Plain Vanilla Fixed Coupon;32500000000;Investment Grade;Annually;Aaa;14/08/2025;2027-08-14;0.01;0.01;8;1;5.3;0.5;100;99.05;0.679;49525000.0;2476.25;1.667706820558076;-0.6931471805599453;0;0.0;0.0
Germany, Federal Republic of (Government);BUND;2018-07-12;DE0001102457;DE110245=;Euro;Germany;Govt/Treasury/Central Bank;Bundesanleihe;Plain Vanilla Fixed Coupon;28500000000;Investment Grade;Annually;Aaa;14/08/2025;2028-08-14;0.01;0.01;8;1;6.3;0.25;100;96.897;0.753;48448500.0;1211.2125;1.840549633397487;-1.3862943611198906;0;0.0;0.0
Italy, Republic of (Government);BTPI;2009-10-27;IT0004545890;IT454589=;Euro;Italy;Govt/Treasury/Central Bank;Bond;Plain Vanilla Fixed Coupon;15837435000;;Semiannually;Baa3;14/09/2025;2041-09-14;1000.0;1000.0;9;2;19.39;2.55;55;140.8665;3.056;704.0;17952.0;2.9647574692545606;0.9360933591703348;2;0.0;0.0
Italy, Republic of (Government);BTPI;2004-10-26;IT0003745541;IT374554=;Euro;Italy;Govt/Treasury/Central Bank;Bond;Plain Vanilla Fixed Coupon;13684800000;;Semiannually;Baa3;14/09/2025;2035-09-14;1000.0;1000.0;9;2;13.39;2.35;55;129.9435;2.9;650.0;15275.0;2.5945081597030812;0.8544153281560676;2;0.0;0.0
Societe Generale SA;SOGN;2018-09-26;FR0013368602;FR0013368602=;Euro;France;Corporate;Bond;Plain Vanilla Fixed Coupon;1250000000;Investment Grade;Annually;Baa2;26/09/2025;2028-09-26;100000.0;100000.0;9;1;6.42;2.125;60;96.263;2.727;5.0;10625.0;1.8594181177018698;0.7537718023763802;0;0.0;0.0
Austria, Republic of (Government);AUST;2017-09-19;AT0000A1XML2;AT0000A1XML2=;Euro;Austria;Govt/Treasury/Central Bank;Bundesanleihe;Plain Vanilla Fixed Coupon;6000000000;;Annually;Aa1;19/09/2025;2117-09-19;1000.0;1000.0;9;1;95.45;2.1;95;103.356;2.053;517.0;10857.0;4.558602550171757;0.7419373447293773;1;0.0;0.0
Orange SA;ORAN;2018-09-11;FR0013359239;FR0013359239=;Euro;France;Corporate;Bond;Plain Vanilla Fixed Coupon;1200000000;Investment Grade;Annually;Baa1;11/09/2025;2030-09-11;100000.0;100000.0;9;1;8.38;1.875;65;99.386;1.926;5.0;9375.0;2.125847914493992;0.6286086594223741;0;2.0;0.0
Vinci SA;SGEF;2018-09-25;FR0013367638;FR0013367638=;Euro;France;Corporate;Note;Plain Vanilla Fixed Coupon;1185000000;Investment Grade;Annually;A3;25/09/2025;2030-09-25;100000.0;100000.0;9;1;8.41;1.75;70;99.29;1.802;5.0;8750.0;2.1294214739848565;0.5596157879354227;0;0.0;0.0
ABN Amro Bank NV;ABNAM;2015-09-29;XS1298431799;DEA1Z679=;Euro;Netherlands;Corporate;Covered Bond (Other);Plain Vanilla Fixed Coupon;1750000000;Investment Grade;Annually;Aaa;29/09/2025;2030-09-29;100000.0;100000.0;9;1;8.42;1.5;100;98.94;1.64;5.0;7500.0;2.130609828254235;0.4054651081081644;0;0.0;0.0
Italy, Republic of (Government);BTPI;2015-10-13;IT0005138828;IT513882=;Euro;Italy;Govt/Treasury/Central Bank;Bond;Plain Vanilla Fixed Coupon;15756513000;;Semiannually;Baa3;14/09/2025;2032-09-14;1000.0;1000.0;9;2;10.39;1.25;55;114.2365;2.749;571.0;7137.5;2.340843805111136;0.22314355131420976;2;0.0;0.0
Bpifrance SA;BPIFN;2018-09-25;FR0013367604;FR0013367604=;Euro;France;Corporate;Bond;Plain Vanilla Fixed Coupon;1275000000;Investment Grade;Annually;Aa3;25/09/2025;2028-09-25;100000.0;100000.0;9;1;6.41;0.875;85;97.509;1.28;5.0;4375.0;1.8578592709325787;-0.13353139262452263;0;0.0;0.0
Compagnie de Financement Foncier SA;BPCERF;2018-09-10;FR0013358843;FR0013358843=;Euro;France;Corporate;Obligation Fonciere (Covered Bond);Plain Vanilla Fixed Coupon;1175000000;Investment Grade;Annually;Aaa;10/09/2025;2028-09-10;100000.0;100000.0;9;1;6.37;0.875;100;96.049;1.522;5.0;4375.0;1.851599469584072;-0.13353139262452263;0;0.0;0.0
Credit Mutuel Home Loan SFH SA;CAFDHC;2017-09-14;FR0013282142;FR0013282142=;Euro;France;Corporate;Obligation de Financement de l'Habitat (Covered Bond);Plain Vanilla Fixed Coupon;1250000000;Investment Grade;Annually;Aaa;14/09/2025;2027-09-14;100000.0;100000.0;9;1;5.38;0.75;100;96.435;1.44;5.0;3750.0;1.682688374173693;-0.2876820724517809;0;0.0;0.0
BPCE SFH SA;BPCEBC;2019-02-21;FR0013403862;FR0013403862=;Euro;France;Corporate;Obligation de Financement de l'Habitat (Covered Bond);Plain Vanilla Fixed Coupon;1750000000;Investment Grade;Annually;Aaa;21/09/2025;2027-09-21;100000.0;100000.0;9;1;5.4;0.625;100;95.761;1.45;5.0;3125.0;1.6863989535702288;-0.4700036292457356;0;0.0;0.0
Finland, Republic of (Government);FINL;2017-09-05;FI4000278551;FI0278551=;Euro;Finland;Govt/Treasury/Central Bank;Bond;Plain Vanilla Fixed Coupon;6913000000;Investment Grade;Annually;Aa1;14/09/2025;2027-09-14;1000.0;1000.0;9;1;5.38;0.5;95;97.836;0.903;489.0;2445.0;1.682688374173693;-0.6931471805599453;0;0.0;0.0
Finland, Republic of (Government);FINL;2018-09-03;FI4000348727;FI0348727=;Euro;Finland;Govt/Treasury/Central Bank;Bond;Plain Vanilla Fixed Coupon;7619000000;Investment Grade;Annually;Aa1;14/09/2025;2028-09-14;1000.0;1000.0;9;1;6.38;0.5;95;96.561;1.051;483.0;2415.0;1.8531680973566984;-0.6931471805599453;0;0.0;0.0
Finland, Republic of (Government);FINL;2019-02-11;FI4000369467;FI0369467=;Euro;Finland;Govt/Treasury/Central Bank;Bond;Plain Vanilla Fixed Coupon;7955000000;Investment Grade;Annually;Aa1;14/09/2025;2029-09-14;1000.0;1000.0;9;1;7.38;0.5;95;95.466;1.13;477.0;2385.0;1.998773638612381;-0.6931471805599453;0;0.0;0.0
ABN Amro Bank NV;ABNAM;2021-09-16;XS2387713238;DEA3KV87=;Euro;Netherlands;Corporate;Covered Bond (Other);Plain Vanilla Fixed Coupon;1500000000;;Annually;Aaa;16/09/2025;2041-09-16;100000.0;100000.0;9;1;19.4;0.4;100;75.436;3.4;4.0;1600.0;2.9652730660692823;-0.916290731874155;0;0.0;0.0
Societe Generale SFH SA;SOGNER;2021-09-13;FR0014005DU5;FR0014005DU5=;Euro;France;Corporate;Obligation de Financement de l'Habitat (Covered Bond);Plain Vanilla Fixed Coupon;2000000000;;Annually;Aaa;13/09/2025;2033-09-13;100000.0;100000.0;9;1;11.38;0.36;100;84.377;3.29;4.0;1440.0;2.431857428698185;-1.0216512475319814;0;0.0;0.0
Societe Generale SFH SA;SOGNER;2021-09-13;FR0014005DT7;FR0014005DT7=;Euro;France;Corporate;Obligation de Financement de l'Habitat (Covered Bond);Plain Vanilla Fixed Coupon;2500000000;;Annually;Aaa;13/09/2025;2032-09-13;100000.0;100000.0;9;1;10.38;0.28;100;85.302;3.23;4.0;1120.0;2.3398808777377424;-1.2729656758128873;0;0.0;0.0
DNB Boligkreditt AS;DNBDB;2016-09-06;XS1485596511;DEA185TU=;Euro;Norway;Corporate;Covered Bond (Other);Plain Vanilla Fixed Coupon;1500000000;Investment Grade;Annually;Aaa;06/09/2025;2026-09-06;100000.0;100000.0;9;1;4.36;0.25;100;95.275;2.04;5.0;1250.0;1.472472057360943;-1.3862943611198906;0;0.0;0.0
Unicaja Banco SA;UNIXX;2019-09-24;ES0468675030;DEA2R8AL=;Euro;Spain;Corporate;Cedula Hipotecaria (Covered Bond);Plain Vanilla Fixed Coupon;1200000000;Investment Grade;Annually;Aa1;24/09/2025;2029-09-24;100000.0;100000.0;9;1;7.41;0.25;95;89.734;1.761;4.0;1000.0;2.0028304393079956;-1.3862943611198906;0;0.0;0.0
Finland, Republic of (Government);FINL;2020-06-16;FI4000440557;FI0440557=;Euro;Finland;Govt/Treasury/Central Bank;Bond;Plain Vanilla Fixed Coupon;4337000000;;Annually;Aa1;14/09/2025;2040-09-14;1000.0;1000.0;9;1;18.39;0.25;95;78.587;1.6;393.0;982.5;2.91180703861623;-1.3862943611198906;0;0.0;2.0
Italy, Republic of (Government);BTP;1997-02-02;IT0001086567;IT108656=;Euro;Italy;Govt/Treasury/Central Bank;Bond;Plain Vanilla Fixed Coupon;12423130223;Investment Grade;Semiannually;Baa3;31/10/2025;2026-10-31;1000.0;1000.0;10;2;4.51;7.25;55;124.054;1.68;620.0;44950.0;1.506297153514587;1.9810014688665833;2;0.0;0.0
Italy, Republic of (Government);BTP;1997-11-17;IT0001174611;IT117461=;Euro;Italy;Govt/Treasury/Central Bank;Bond;Plain Vanilla Fixed Coupon;27993132147;Investment Grade;Semiannually;Baa3;31/10/2025;2027-10-31;1000.0;1000.0;10;2;5.51;6.5;55;123.9575;1.8953;620.0;40300.0;1.706564623164823;1.8718021769015913;2;0.0;0.0
France, Republic of (Government);OAT;2001-06-11;FR0000187635;FR0000187635=;Euro;France;Govt/Treasury/Central Bank;Obligation Assimilable du Tresor;Plain Vanilla Fixed Coupon;36321000000;;Annually;Aa3;24/10/2025;2032-10-24;1.0;1.0;10;1;10.5;5.75;85;142.323;1.3621;711615.0;40917.8625;2.3513752571634776;1.749199854809259;1;12.0;22.0
Italy, Republic of (Government);BTP;1998-11-17;IT0001278511;IT127851=;Euro;Italy;Govt/Treasury/Central Bank;Bond;Plain Vanilla Fixed Coupon;31589999209;Investment Grade;Semiannually;Baa3;31/10/2025;2029-10-31;1000.0;1000.0;10;2;7.51;5.25;55;120.688;2.2426;603.0;31657.5;2.0162354657760435;1.6582280766035324;2;0.0;0.0
Spain, Kingdom of (Government);DEUDA;2013-10-15;ES00000124H4;ES0000124H=;Euro;Spain;Govt/Treasury/Central Bank;Obligacion del Estado;Plain Vanilla Fixed Coupon;19357557000;;Annually;Baa1;30/10/2025;2044-10-30;1000.0;1000.0;10;1;22.52;5.15;65;149.263;2.31;746.0;38419.0;3.1144038032714896;1.6389967146756448;1;1.0;3.0
Spain, Kingdom of (Government);DEUDA;2013-07-15;ES00000124C5;ES0000124C=;Euro;Spain;Govt/Treasury/Central Bank;Obligacion del Estado;Plain Vanilla Fixed Coupon;24414886000;Investment Grade;Annually;Baa1;30/10/2025;2028-10-30;1000.0;1000.0;10;1;6.51;5.15;65;122.81;1.432;614.0;31621.0;1.873339456220478;1.6389967146756448;1;8.0;25.0
France, Republic of (Government);OAT;2006-09-11;FR0010371401;FR0010371401=;Euro;France;Govt/Treasury/Central Bank;Obligation Assimilable du Tresor;Plain Vanilla Fixed Coupon;27913000000;;Annually;Aa3;24/10/2025;2038-10-24;1.0;1.0;10;1;16.5;4.0;85;133.833;1.634;669165.0;26766.6;2.803360380906535;1.3862943611198906;1;2.0;5.0
Spain, Kingdom of (Government);DEUDA;2016-03-14;ES00000128C6;ES0000128C=;Euro;Spain;Govt/Treasury/Central Bank;Obligacion del Estado;Plain Vanilla Fixed Coupon;21613717000;;Annually;Baa1;30/10/2025;2046-10-30;1000.0;1000.0;10;1;24.52;2.9;65;109.227;2.389;546.0;15834.0;3.1994891110680106;1.0647107369924282;1;0.0;0.0
France, Republic of (Government);OAT;2012-09-10;FR0011317783;FR0011317783=;Euro;France;Govt/Treasury/Central Bank;Obligation Assimilable du Tresor;Plain Vanilla Fixed Coupon;61863000000;Investment Grade;Annually;Aa3;24/10/2025;2027-10-24;1.0;1.0;10;1;5.49;2.75;85;109.768;0.9048;548840.0;15093.1;1.7029282555214393;1.0116009116784799;1;3.0;1.0
Spain, Kingdom of (Government);DEUDA;2018-02-26;ES0000012B47;ES000012B4=;Euro;Spain;Govt/Treasury/Central Bank;Obligacion del Estado;Plain Vanilla Fixed Coupon;20316530000;;Annually;Baa1;30/10/2025;2048-10-30;1000.0;1000.0;10;1;26.52;2.7;65;104.97;2.431;525.0;14175.0;3.277899165317662;0.9932517730102834;1;0.0;0.0
Portugal, Republic of (Government);PORTGL;2018-01-16;PTOTEVOE0018;PTOTEVOE018=;Euro;Portugal;Govt/Treasury/Central Bank;Obrigacao do Tesouro;Plain Vanilla Fixed Coupon;16067387000;Investment Grade;Annually;A3;16/10/2025;2028-10-16;0.01;0.01;10;1;6.47;2.125;70;104.458;1.412;52229000.0;11098.6625;1.8671761085128091;0.7537718023763802;1;2.0;1.0
Spain, Kingdom of (Government);DEUDA;2017-07-03;ES0000012A89;ES000012A8=;Euro;Spain;Govt/Treasury/Central Bank;Obligacion del Estado;Plain Vanilla Fixed Coupon;28021232000;Investment Grade;Annually;Baa1;30/10/2025;2027-10-30;1000.0;1000.0;10;1;5.51;1.45;65;100.459;1.356;502.0;7279.0;1.706564623164823;0.371563556432483;1;0.0;0.0
Spain, Kingdom of (Government);DEUDA;2016-07-25;ES00000128H5;ES0000128H=;Euro;Spain;Govt/Treasury/Central Bank;Obligacion del Estado;Plain Vanilla Fixed Coupon;28698504000;Investment Grade;Annually;Baa1;30/10/2025;2026-10-30;1000.0;1000.0;10;1;4.51;1.3;65;100.496;1.18;502.0;6526.0;1.506297153514587;0.26236426446749106;1;0.0;0.0
Unedic;UNEDI;2015-10-20;FR0013020450;FR0013020450=;Euro;France;Corporate;Bond;Plain Vanilla Fixed Coupon;2000000000;Investment Grade;Annually;Aa3;20/10/2025;2027-10-20;100000.0;100000.0;10;1;5.48;1.25;85;100.217;1.171;5.0;6250.0;1.7011051009599243;0.22314355131420976;0;0.0;0.0
Spain, Kingdom of (Government);DEUDA;2020-04-29;ES0000012G34;ES000012G3=;Euro;Spain;Govt/Treasury/Central Bank;Bono del Estado;Plain Vanilla Fixed Coupon;29112349000;Investment Grade;Annually;Baa1;30/10/2025;2030-10-30;1000.0;1000.0;10;1;8.51;1.25;65;96.253;1.717;481.0;6012.5;2.1412419425852827;0.22314355131420976;1;0.0;0.0
Intesa Sanpaolo SpA;ISP;2017-10-03;IT0005283491;DEA19P15=;Euro;Italy;Corporate;Obbligazione Bancaria Garantita (Covered Bond);Plain Vanilla Fixed Coupon;1250000000;Investment Grade;Annually;Aa3;03/10/2025;2027-10-03;100000.0;100000.0;10;1;5.43;1.125;85;97.993;1.51;5.0;5625.0;1.691939133945844;0.11778303565638346;0;0.0;0.0
Electricite De France SA;ELDFR;2016-10-12;FR0013213295;FR0013213295=;Euro;France;Corporate;Bond;Plain Vanilla Fixed Coupon;1750000000;Investment Grade;Annually;Baa1;12/10/2025;2026-10-12;100000.0;100000.0;10;1;4.46;1.0;65;97.471;1.59;5.0;5000.0;1.4951487660319727;0.0;0;0.0;0.0
Austria, Republic of (Government);AUST;2016-02-22;AT0000A1K9C8;AT0000A1K9C8=;Euro;Austria;Govt/Treasury/Central Bank;Bundesanleihe;Plain Vanilla Fixed Coupon;16955895000;Investment Grade;Annually;Aa1;19/10/2025;2026-10-19;1000.0;1000.0;10;1;4.48;0.75;95;99.826;0.79;499.0;3742.5;1.4996230464268938;-0.2876820724517809;0;0.0;0.0
Compagnie de Financement Foncier SA;BPCERF;2021-10-24;FR0014006268;FR0014006268=;Euro;France;Corporate;Obligation Fonciere (Covered Bond);Plain Vanilla Fixed Coupon;1500000000;;Annually;Aaa;24/10/2025;2041-10-24;100000.0;100000.0;10;1;19.5;0.6;100;79.227;3.31;4.0;2400.0;2.970414465569701;-0.5108256237659907;0;0.0;0.0
Portugal, Republic of (Government);PORTGL;2020-01-14;PTOTELOE0028;PTOTELOE028=;Euro;Portugal;Govt/Treasury/Central Bank;Obrigacao do Tesouro;Plain Vanilla Fixed Coupon;11221218000;Investment Grade;Annually;A3;17/10/2025;2030-10-17;0.01;0.01;10;1;8.47;0.475;70;90.064;2.23;45032000.0;2139.02;2.136530508663963;-0.7444404749474959;0;0.0;0.0
Societe Generale SFH SA;SOGNER;2019-10-27;FR0013455573;FR0013455573=;Euro;France;Corporate;Obligation de Financement de l'Habitat (Covered Bond);Plain Vanilla Fixed Coupon;1500000000;Investment Grade;Annually;Aaa;27/10/2025;2030-10-27;100000.0;100000.0;10;1;8.5;0.36;100;87.489;1.961;4.0;1440.0;2.1400661634962708;-1.0216512475319814;0;0.0;0.0
Ireland (Government);IRELND;2022-01-19;IE00BMD03L28;IET03532=;Euro;Ireland;Govt/Treasury/Central Bank;Irish Government Bond;Plain Vanilla Fixed Coupon;5662050000;;Annually;Aa3;17/10/2025;2032-10-17;0.01;0.01;10;1;10.48;0.35;85;88.083;1.592;44041500.0;1541.4525;2.349468678892896;-1.0498221244986778;0;0.0;0.0
Italy, Republic of (Government);BTP;2018-07-31;IT0005340929;IT534092=;Euro;Italy;Govt/Treasury/Central Bank;Bond;Plain Vanilla Fixed Coupon;22368192000;Investment Grade;Semiannually;Baa3;30/11/2025;2028-11-30;1000.0;1000.0;11;2;6.59;2.8;55;103.809;2.18;519.0;14532.0;1.8855533485144158;1.0296194171811581;2;1.0;0.0
Banco Santander SA;SAN;2014-11-26;ES0413900376;DEA1ZSF7=;Euro;Spain;Corporate;Cedula Hipotecaria (Covered Bond);Plain Vanilla Fixed Coupon;1250000000;;Annually;Aa1;26/11/2025;2034-11-26;100000.0;100000.0;11;1;12.59;2.0;95;101.02;1.916;5.0;10000.0;2.532902848056256;0.6931471805599453;0;3.0;0.0
Austria, Republic of (Government);AUST;2016-11-01;AT0000A1PEF7;AT0000A1PEF7=;Euro;Austria;Govt/Treasury/Central Bank;Bundesanleihe;Plain Vanilla Fixed Coupon;3540897000;;Annually;Aa1;01/11/2025;2086-11-01;1000.0;1000.0;11;1;64.55;1.5;95;85.782;1.905;429.0;6435.0;4.167440117292651;0.4054651081081644;1;13.0;1.0
Italy, Republic of (Government);BTP;2016-07-31;IT0005210650;IT521065=;Euro;Italy;Govt/Treasury/Central Bank;Bond;Plain Vanilla Fixed Coupon;20396843000;Investment Grade;Semiannually;Baa3;30/11/2025;2026-11-30;1000.0;1000.0;11;2;4.59;1.25;55;97.714;1.78;489.0;6112.5;1.5238800240724537;0.22314355131420976;2;9.0;14.0
Compagnie de Financement Foncier SA;BPCERF;2017-11-14;FR0013296159;FR0013296159=;Euro;France;Corporate;Obligation Fonciere (Covered Bond);Plain Vanilla Fixed Coupon;1040000000;;Annually;Aaa;14/11/2025;2032-11-14;100000.0;100000.0;11;1;10.55;1.25;100;94.998;1.756;5.0;6250.0;2.3561258599220753;0.22314355131420976;0;0.0;0.0
Danone SA;DANO;2016-11-02;FR0013216926;FR0013216926=;Euro;France;Corporate;Bond;Plain Vanilla Fixed Coupon;1600000000;Investment Grade;Annually;Baa1;02/11/2025;2028-11-02;100000.0;100000.0;11;1;6.52;1.208;65;96.99;1.663;5.0;6040.0;1.8748743759385615;0.18896609951262316;0;0.0;0.0
Spain, Kingdom of (Government);DEUDAI;2015-03-30;ES00000127C8;ES0000127C=;Euro;Spain;Govt/Treasury/Central Bank;Obligacion del Estado;Plain Vanilla Fixed Coupon;19205224000;Investment Grade;Annually;Baa1;29/11/2025;2030-11-29;1000.0;1000.0;11;1;8.59;1.0;65;119.0375;1.7;595.0;5950.0;2.150598735996164;0.0;1;1.0;3.0
Electricite De France SA;ELDFR;2021-11-28;FR0014006UO0;FR0014006UO0=;Euro;France;Corporate;Bond;Plain Vanilla Fixed Coupon;1850000000;;Annually;Baa1;28/11/2025;2033-11-28;100000.0;100000.0;11;1;11.59;1.0;65;84.002;2.581;4.0;4000.0;2.4501426573516603;0.0;0;0.0;0.0
Bpifrance SA;BPIFN;2017-01-18;FR0013232253;FR0013232253=;Euro;France;Corporate;Bond;Plain Vanilla Fixed Coupon;2000000000;Investment Grade;Annually;Aa3;24/11/2025;2026-11-24;100000.0;100000.0;11;1;4.58;0.875;85;99.049;1.09;5.0;4375.0;1.5216989981260935;-0.13353139262452263;0;0.0;0.0
France, Republic of (Government);OAT;2018-06-10;FR0013341682;FR0013341682=;Euro;France;Govt/Treasury/Central Bank;Obligation Assimilable du Tresor;Plain Vanilla Fixed Coupon;62095000000;Investment Grade;Annually;Aa3;24/11/2025;2028-11-24;1.0;1.0;11;1;6.58;0.75;85;98.175;1.0349;490875.0;3681.5625;1.884034745337226;-0.2876820724517809;0;0.0;0.0
Spain, Kingdom of (Government);DEUDAI;2018-09-17;ES0000012C12;ES000012C1=;Euro;Spain;Govt/Treasury/Central Bank;Obligacion del Estado;Plain Vanilla Fixed Coupon;21306861000;;Annually;Baa1;29/11/2025;2033-11-29;1000.0;1000.0;11;1;11.59;0.7;65;115.807;2.0;579.0;4053.0;2.4501426573516603;-0.35667494393873245;1;0.0;0.0
Spain, Kingdom of (Government);DEUDAI;2017-05-03;ES00000128S2;ES0000128S=;Euro;Spain;Govt/Treasury/Central Bank;Obligacion del Estado;Plain Vanilla Fixed Coupon;17486614000;Investment Grade;Annually;Baa1;29/11/2025;2027-11-29;1000.0;1000.0;11;1;5.59;0.65;65;113.951;1.4;570.0;3705.0;1.7209792871670078;-0.4307829160924542;1;0.0;0.0
Banque Federative du Credit Mutuel SA;CAFDCB;2021-06-02;FR0014003SA0;FR0014003SA0=;Euro;France;Corporate;Bond;Plain Vanilla Fixed Coupon;1500000000;Investment Grade;Annually;A3;02/11/2025;2028-11-02;100000.0;100000.0;11;1;6.52;0.625;70;88.449;2.548;4.0;2500.0;1.8748743759385615;-0.4700036292457356;0;0.0;0.0
EssilorLuxottica SA;ESLX;2019-11-26;FR0013463668;FR0013463668=;Euro;France;Corporate;Bond;Plain Vanilla Fixed Coupon;1500000000;Investment Grade;Annually;A2;26/11/2025;2027-11-26;100000.0;100000.0;11;1;5.58;0.375;75;93.958;1.477;5.0;1875.0;1.7191887763932197;-0.9808292530117262;0;0.0;0.0
France, Republic of (Government);OAT;2016-09-04;FR0013200813;FR0013200813=;Euro;France;Govt/Treasury/Central Bank;Obligation Assimilable du Tresor;Plain Vanilla Fixed Coupon;39527000000;Investment Grade;Annually;Aa3;24/11/2025;2026-11-24;1.0;1.0;11;1;4.58;0.25;85;97.357;1.82;486785.0;1216.9625;1.5216989981260935;-1.3862943611198906;0;0.0;0.0
Unedic;UNEDI;2020-06-16;FR0013518487;FR0013518487=;Euro;France;Corporate;Bond;Plain Vanilla Fixed Coupon;4000000000;Investment Grade;Annually;Aa3;24/11/2025;2029-11-24;100000.0;100000.0;11;1;7.58;0.25;85;91.727;1.393;5.0;1250.0;2.0255131996542803;-1.3862943611198906;0;0.0;0.0
Electricite De France SA;ELDFR;2019-12-08;FR0013465424;FR0013465424=;Euro;France;Corporate;Bond;Plain Vanilla Fixed Coupon;1250000000;;Annually;Baa1;08/12/2025;2049-12-08;100000.0;100000.0;12;1;27.63;2.0;65;78.154;4.58;4.0;8000.0;3.318902138935325;0.6931471805599453;0;14.0;1.0
BNP Paribas SA;BNPP;2020-12-02;FR0014000UL9;FR0014000UL9=;Euro;France;Corporate;Bond;Plain Vanilla Fixed Coupon;1800000000;;Annually;Baa1;02/12/2025;2032-12-02;100000.0;100000.0;12;1;10.6;0.625;65;80.925;2.69;4.0;2500.0;2.3608540011180215;-0.4700036292457356;0;0.0;0.0
ABN Amro Bank NV;ABNAM;2019-12-11;XS2093634884;XS2093634884=;Euro;Netherlands;Corporate;Covered Bond (Other);Plain Vanilla Fixed Coupon;2000000000;;Annually;Aaa;11/12/2025;2039-12-11;100000.0;100000.0;12;1;17.63;0.5;100;78.995;3.71;4.0;2000.0;2.869601996409779;-0.6931471805599453;0;0.0;0.0
ABN Amro Bank NV;ABNAM;2019-12-11;XS2093705064;XS2093705064=;Euro;Netherlands;Corporate;Covered Bond (Other);Plain Vanilla Fixed Coupon;2000000000;;Annually;Aaa;11/12/2025;2036-12-11;100000.0;100000.0;12;1;14.63;0.45;100;81.13;3.32;4.0;1800.0;2.683074215032033;-0.7985076962177716;0;0.0;0.0
ABN Amro Bank NV;ABNAM;2019-12-11;XS2093637556;XS2093637556=;Euro;Netherlands;Corporate;Covered Bond (Other);Plain Vanilla Fixed Coupon;2000000000;;Annually;Aaa;11/12/2025;2032-12-11;100000.0;100000.0;12;1;10.63;0.25;100;85.28;2.98;4.0;1000.0;2.363680192353857;-1.3862943611198906;0;0.0;0.0
