Issuer;Ticker;Issue Date;ISIN;Preferred RIC;Principal Currency;Country of Issue;Issuer Type;Instrument Type;Coupon Type;Amount Issued (EUR);Bond Grade;Coupon Frequency;Mds_Rating_L;Next Coupon Payment Date;Maturity;Minimum Denomination;Min Increment;mes;Freq;Mty (Years Frm Tdy);Coupon;Rating_ICC;Precios;yield;UniMAz_B=500000;ingresos maximo anual
Germany, Federal Republic of (Government);BUND;20/01/2000;DE0001135143;DE113514=;Euro;Germany;Govt/Treasury/Central Bank;Bundesanleihe;Plain Vanilla Fixed Coupon;11750000000;Investment Grade;Annually;Aaa;03/01/2026;03/01/2030;0,010;0,010;1;1;7,69;6,2500;100;140,762;0,7532;703810000,00;439881,25
Spain, Kingdom of (Government);DEUDA;14/01/1998;ES0000011868;ES00001186=;Euro;Spain;Govt/Treasury/Central Bank;Obligacion del Estado;Plain Vanilla Fixed Coupon;44683625909;Investment Grade;Annually;Baa1;30/01/2026;30/01/2029;1000,000;1000,000;1;1;6,76;6,0000;65;129,443;1,384;647;38820
Italy, Republic of (Government);BTP;17/03/2002;IT0003256820;IT325682=;Euro;Italy;Govt/Treasury/Central Bank;Bond;Plain Vanilla Fixed Coupon;27261000000;;Semiannually;Baa3;31/07/2025;31/01/2033;1000,000;1000,000;1;2;10,77;5,7500;55;128,439;2,6979;642;36915
Germany, Federal Republic of (Government);BUND;22/01/1998;DE0001135069;DE113506=;Euro;Germany;Govt/Treasury/Central Bank;Bundesanleihe;Plain Vanilla Fixed Coupon;17000000000;Investment Grade;Annually;Aaa;03/01/2026;03/01/2028;0,010;0,010;1;1;5,68;5,6250;100;127,384;0,676;63692000;35826,75
Germany, Federal Republic of (Government);BUND;26/10/2000;DE0001135176;DE113517=;Euro;Germany;Govt/Treasury/Central Bank;Bundesanleihe;Plain Vanilla Fixed Coupon;21500000000;Investment Grade;Annually;Aaa;03/01/2026;03/01/2031;0,010;0,010;1;1;8,69;5,5000;100;138,99;0,8166;69495000;38222,25
Netherlands, Kingdom of the (Government);NLDSL;18/03/1998;NL0000102317;NL10231=;Euro;Netherlands;Govt/Treasury/Central Bank;Dutch State Loan;Plain Vanilla Fixed Coupon;13028814230;Investment Grade;Annually;Aaa;14/01/2026;14/01/2028;1,000;1,000;1;1;5,72;5,5000;100;125,884;0,8269;629420;34618,1
Spain, Kingdom of (Government);DEUDA;16/01/2005;ES0000012932;ES00001293=;Euro;Spain;Govt/Treasury/Central Bank;Obligacion del Estado;Plain Vanilla Fixed Coupon;39300350000;;Annually;Baa1;30/01/2026;30/01/2037;1000,000;1000,000;1;1;14,77;4,2000;65;125,84;2,132;629;26418
Germany, Federal Republic of (Government);BUND;27/01/2005;DE0001135275;DE113527=;Euro;Germany;Govt/Treasury/Central Bank;Bundesanleihe;Plain Vanilla Fixed Coupon;28250000000;;Annually;Aaa;03/01/2026;03/01/2037;0,010;0,010;1;1;14,69;4,0000;100;140,638;1,002;70319000;28127,6
Netherlands, Kingdom of the (Government);NLDSL;24/04/2005;NL0000102234;NL10223=;Euro;Netherlands;Govt/Treasury/Central Bank;Dutch State Loan;Plain Vanilla Fixed Coupon;17977427000;;Annually;Aaa;14/01/2026;14/01/2037;1,000;1,000;1;1;14,72;4,0000;100;135,9;1,2972;679500;27180
Italy, Republic of (Government);BTP;18/10/2005;IT0003934657;IT393465=;Euro;Italy;Govt/Treasury/Central Bank;Bond;Plain Vanilla Fixed Coupon;34219308000;;Semiannually;Baa3;31/07/2025;31/01/2037;1000,000;1000,000;1;2;14,77;4,0000;55;113,318;2,8904;567;22680
Austria, Republic of (Government);AUST;25/01/2012;AT0000A0U299;AT0000A0U299=;Euro;Austria;Govt/Treasury/Central Bank;Bundesanleihe;Plain Vanilla Fixed Coupon;4473666000;;Annually;Aa1;25/01/2026;25/01/2062;1000,000;1000,000;1;1;39,77;3,8000;95;159,376;1,495;797;30286
Netherlands, Kingdom of the (Government);NLDSL;20/05/2010;NL0009446418;NL44641=;Euro;Netherlands;Govt/Treasury/Central Bank;Dutch State Loan;Plain Vanilla Fixed Coupon;18839910000;;Annually;Aaa;14/01/2026;14/01/2042;1,000;1,000;1;1;19,73;3,7500;100;142,498;1,2895;712490;26718,375
Netherlands, Kingdom of the (Government);NLDSL;20/02/2014;NL0010721999;NL72199=;Euro;Netherlands;Govt/Treasury/Central Bank;Dutch State Loan;Plain Vanilla Fixed Coupon;22505187000;;Annually;Aaa;14/01/2026;14/01/2047;1,000;1,000;1;1;24,73;2,7500;100;133,019;1,2;665095;18290,1125
Netherlands, Kingdom of the (Government);NLDSL;08/03/2012;NL0010071189;NL07118=;Euro;Netherlands;Govt/Treasury/Central Bank;Dutch State Loan;Plain Vanilla Fixed Coupon;15507900000;;Annually;Aaa;14/01/2026;14/01/2033;1,000;1,000;1;1;10,72;2,5000;100;112,931;1,1978;564655;14116,375
Orange SA;ORAN;14/01/2019;FR0013396520;FR0013396520=;Euro;France;Corporate;Bond;Plain Vanilla Fixed Coupon;1250000000;Investment Grade;Annually;Baa1;14/01/2026;14/01/2029;100000,000;100000,000;1;1;6,72;2,0000;65;101,087;1,794;5;10000
Italy, Republic of (Government);BTP;31/01/2018;IT0005323032;IT532303=;Euro;Italy;Govt/Treasury/Central Bank;Bond;Plain Vanilla Fixed Coupon;24077136000;Investment Grade;Semiannually;Baa3;31/07/2025;31/01/2028;1000,000;1000,000;1;2;5,76;2,0000;55;99,868;2,025;499;9980
Vinci SA;SGEF;17/01/2019;FR0013397452;FR0013397452=;Euro;France;Corporate;Bond;Plain Vanilla Fixed Coupon;1300000000;Investment Grade;Annually;A3;17/01/2026;17/01/2029;100000,000;100000,000;1;1;6,73;1,6250;70;98,899;1,773;5;8125
ABN Amro Bank NV;ABNAM;11/01/2017;XS1548493946;XS1548493946=;Euro;Netherlands;Corporate;Covered Bond (Other);Plain Vanilla Fixed Coupon;2250000000;;Annually;Aaa;11/01/2026;11/01/2037;100000,000;100000,000;1;1;14,72;1,3750;100;92,856;1,94;5;6875
CaixaBank SA;CABKX;10/01/2017;ES0440609339;DEA19BF1=;Euro;Spain;Corporate;Cedula Hipotecaria (Covered Bond);Plain Vanilla Fixed Coupon;1600000000;Investment Grade;Annually;Aa1;10/01/2026;10/01/2027;100000,000;100000,000;1;1;4,70;1,2500;95;98,937;1,49;5;6250
ABN Amro Bank NV;ABNAM;09/01/2018;XS1747670922;XS1747670922=;Euro;Netherlands;Corporate;Covered Bond (Other);Plain Vanilla Fixed Coupon;2000000000;;Annually;Aaa;09/01/2026;09/01/2033;100000,000;100000,000;1;1;10,71;1,2500;100;94,771;1,79;5;6250
Caisse Francaise de Financement Local SA;CDCEAF;21/01/2015;FR0012467942;FR0012467942=;Euro;France;Corporate;Obligation Fonciere (Covered Bond);Plain Vanilla Fixed Coupon;1150000000;;Annually;Aaa;21/01/2026;21/01/2035;100000,000;100000,000;1;1;12,74;1,2500;100;92,771;1,875;5;6250
ABN Amro Bank NV;ABNAM;11/01/2017;XS1548458014;DEA19BHJ=;Euro;Netherlands;Corporate;Covered Bond (Other);Plain Vanilla Fixed Coupon;2000000000;;Annually;Aaa;11/01/2026;11/01/2032;100000,000;100000,000;1;1;9,71;1,1250;100;94,579;1,74;5;5625
Banque Federative du Credit Mutuel SA;CAFDCB;18/01/2022;FR0014007PW1;FR0014007PW1=;Euro;France;Corporate;Bond;Plain Vanilla Fixed Coupon;1250000000;;Annually;A3;18/01/2026;18/01/2032;100000,000;100000,000;1;1;9,73;1,1250;70;86,226;2,738;4;4500
Credit Agricole Home Loan SFH SA;CAGRAH;15/01/2019;FR0013393899;FR0013393899=;Euro;France;Corporate;Obligation de Financement de l'Habitat (Covered Bond);Plain Vanilla Fixed Coupon;1500000000;Investment Grade;Annually;Aaa;15/01/2026;15/01/2029;100000,000;100000,000;1;1;6,72;1,0000;100;96,53;1,55;5;5000
Sparebank 1 Boligkreditt AS;SPRBG;29/01/2019;XS1943561883;DEA2RW3D=;Euro;Norway;Corporate;Covered Bond (Other);Plain Vanilla Fixed Coupon;1250000000;Investment Grade;Annually;Aaa;29/01/2026;29/01/2029;100000,000;100000,000;1;1;6,76;1,0000;100;96,317;1,58;5;5000
Cooperatieve Rabobank UA;RABO;31/01/2019;XS1944327631;XS1944327631=;Euro;Netherlands;Corporate;Covered Bond (Other);Plain Vanilla Fixed Coupon;2000000000;Investment Grade;Annually;Aaa;31/01/2026;31/01/2029;100000,000;100000,000;1;1;6,76;0,8750;100;95,766;1,54;5;4375
BNP Paribas Home Loan SFH SA;BNPHM;26/01/2017;FR0013234200;FR0013234200=;Euro;France;Corporate;Obligation de Financement de l'Habitat (Covered Bond);Plain Vanilla Fixed Coupon;1500000000;Investment Grade;Annually;A1;26/01/2026;26/01/2027;100000,000;100000,000;1;1;4,75;0,8000;80;97,739;1,3;5;4000
Caisse Francaise de Financement Local SA;CDCEAF;10/01/2017;FR0013230703;FR0013230703=;Euro;France;Corporate;Obligation Fonciere (Covered Bond);Plain Vanilla Fixed Coupon;2000000000;Investment Grade;Annually;Aaa;10/01/2026;10/01/2027;100000,000;100000,000;1;1;4,70;0,7500;100;97,029;1,41;5;3750
Compagnie de Financement Foncier SA;BPCERF;10/01/2018;FR0013309549;FR0013309549=;Euro;France;Corporate;Obligation Fonciere (Covered Bond);Plain Vanilla Fixed Coupon;1150000000;Investment Grade;Annually;Aaa;10/01/2026;10/01/2028;100000,000;100000,000;1;1;5,70;0,7500;100;96,064;1,461;5;3750
Societe Generale SA;SOGN;22/01/2020;FR0013479276;FR0013479276=;Euro;France;Corporate;Bond;Plain Vanilla Fixed Coupon;1500000000;Investment Grade;Annually;Baa2;24/01/2026;24/01/2027;100000,000;100000,000;1;1;4,74;0,7500;60;92,177;2,69;5;3750
Sanofi SA;SASY;12/09/2016;FR0013201639;FR0013201639=;Euro;France;Corporate;Bond;Plain Vanilla Fixed Coupon;1150000000;Investment Grade;Annually;Aa3;12/01/2026;12/01/2027;100000,000;100000,000;1;1;4,71;0,5000;85;96,266;1,32;5;2500
BPCE SFH SA;BPCEBC;22/01/2020;FR0013477940;FR0013477940=;Euro;France;Corporate;Obligation de Financement de l'Habitat (Covered Bond);Plain Vanilla Fixed Coupon;1150000000;;Annually;Aaa;22/01/2026;22/01/2035;100000,000;100000,000;1;1;12,74;0,5000;100;84,462;3,08;4;2000
Credit Agricole Home Loan SFH SA;CAGRAH;26/01/2022;FR0014007VS7;FR0014007VS7=;Euro;France;Corporate;Obligation de Financement de l'Habitat (Covered Bond);Plain Vanilla Fixed Coupon;1250000000;;Annually;Aaa;31/01/2026;31/01/2033;100000,000;100000,000;1;1;10,77;0,3750;100;86,021;2,94;4;1500
ABN Amro Bank NV;ABNAM;13/01/2020;XS2101336316;XS2101336316=;Euro;Netherlands;Corporate;Covered Bond (Other);Plain Vanilla Fixed Coupon;2000000000;;Annually;Aaa;13/01/2026;13/01/2035;100000,000;100000,000;1;1;12,72;0,3750;100;83,233;2,96;4;1500
UniCredit Bank GmbH;CRDIX;14/01/2020;DE000HV2AS10;DEHV2AS1=;Euro;Germany;Corporate;Hypothekenpfandbrief Jumbo (Covered Bond);Plain Vanilla Fixed Coupon;1500000000;;Annually;Aaa;14/01/2026;14/01/2032;1000,000;1000,000;1;1;9,72;0,2500;100;86,93;1,74;435;1087,5
Bpce SA;BPCE;13/01/2021;FR0014001G37;FR0014001G37=;Euro;France;Corporate;Bond;Plain Vanilla Fixed Coupon;1250000000;Investment Grade;Annually;A1;13/01/2026;13/01/2031;100000,000;100000,000;1;1;8,72;0,2500;80;83,07;2,414;4;1000
Portugal, Republic of (Government);PORTGL;19/01/2015;PTOTEBOE0020;PTOTEBOE020=;Euro;Portugal;Govt/Treasury/Central Bank;Obrigacao do Tesouro;Plain Vanilla Fixed Coupon;7893282887;;Annually;A3;14/02/2026;14/02/2045;0,010;0,010;2;1;22,81;4,1000;70;130,921;2,353;65460500;26838,805
Portugal, Republic of (Government);PORTGL;09/09/2014;PTOTEROE0014;PTOTEROE014=;Euro;Portugal;Govt/Treasury/Central Bank;Obrigacao do Tesouro;Plain Vanilla Fixed Coupon;8029264491;Investment Grade;Annually;A3;14/02/2026;14/02/2030;0,010;0,010;2;1;7,80;3,8750;70;116,773;1,599;58386500;22624,76875
Italy, Republic of (Government);BTP;20/05/2014;IT0005024234;IT502423=;Euro;Italy;Govt/Treasury/Central Bank;Bond;Plain Vanilla Fixed Coupon;30206449000;Investment Grade;Semiannually;Baa3;31/08/2025;28/02/2030;1000,000;1000,000;2;2;7,84;3,5000;55;108,1555;2,3593;541;18935
Italy, Republic of (Government);BTP;13/06/2017;IT0005273013;IT527301=;Euro;Italy;Govt/Treasury/Central Bank;Bond;Plain Vanilla Fixed Coupon;19882254000;;Semiannually;Baa3;31/08/2025;29/02/2048;1000,000;1000,000;2;2;25,85;3,4500;55;106,025;3,125;530;18285
Italy, Republic of (Government);BTP;21/01/2019;IT0005358806;IT535880=;Euro;Italy;Govt/Treasury/Central Bank;Bond;Plain Vanilla Fixed Coupon;22604000000;;Semiannually;Baa3;31/08/2025;28/02/2035;1000,000;1000,000;2;2;12,84;3,3500;55;105,306;2,863;527;17654,5
Italy, Republic of (Government);BTP;18/06/2019;IT0005377152;IT537715=;Euro;Italy;Govt/Treasury/Central Bank;Bond;Plain Vanilla Fixed Coupon;14219900000;;Semiannually;Baa3;31/08/2025;29/02/2040;1000,000;1000,000;2;2;17,85;3,1000;55;101,246;3,021;506;15686
Italy, Republic of (Government);BTP;10/10/2016;IT0005217390;IT521739=;Euro;Italy;Govt/Treasury/Central Bank;Bond;Plain Vanilla Fixed Coupon;10633214000;;Semiannually;Baa3;31/08/2025;28/02/2067;1000,000;1000,000;2;2;44,87;2,8000;55;88,967;3,272;445;12460
Italy, Republic of (Government);BTP;08/02/2016;IT0005162828;IT516282=;Euro;Italy;Govt/Treasury/Central Bank;Bond;Plain Vanilla Fixed Coupon;18740969000;;Semiannually;Baa3;31/08/2025;28/02/2047;1000,000;1000,000;2;2;24,85;2,7000;55;93,52;3,085;468;12636
Ireland (Government);IRELND;09/02/2015;IE00BV8C9186;IET245=;Euro;Ireland;Govt/Treasury/Central Bank;Irish Government Bond;Plain Vanilla Fixed Coupon;11215030000;;Annually;Aa3;17/02/2026;17/02/2045;0,010;0,010;2;1;22,82;2,0000;85;102,859;1,8185;51429500;10285,9
Italy, Republic of (Government);BTP;23/03/2015;IT0005094088;IT509408=;Euro;Italy;Govt/Treasury/Central Bank;Bond;Plain Vanilla Fixed Coupon;27451727000;;Semiannually;Baa3;31/08/2025;29/02/2032;1000,000;1000,000;2;2;9,84;1,6500;55;91,314;2,6731;457;7540,5
Austria, Republic of (Government);AUST;22/02/2016;AT0000A1K9F1;AT0000A1K9F1=;Euro;Austria;Govt/Treasury/Central Bank;Bundesanleihe;Plain Vanilla Fixed Coupon;10390784000;;Annually;Aa1;19/02/2026;19/02/2047;1000,000;1000,000;2;1;24,83;1,5000;95;98,315;1,592;492;7380
Cooperatieve Rabobank UA;RABO;07/02/2018;XS1766477522;XS1766477522=;Euro;Netherlands;Corporate;Covered Bond (Other);Plain Vanilla Fixed Coupon;1250000000;Investment Grade;Annually;Aaa;07/02/2026;07/02/2028;100000,000;100000,000;2;1;5,78;0,8750;100;96,689;1,48;5;4375
BNP Paribas Fortis SA;BEOAG;24/02/2019;BE6312092115;BE6312092115=;Euro;Belgium;Corporate;Belgian Mortgage Pandbrieven (Covered Bond);Plain Vanilla Fixed Coupon;2500000000;Investment Grade;Annually;Aaa;24/02/2026;24/02/2029;100000,000;100000,000;2;1;6,83;0,8500;100;95,309;1,682;5;4250
Austria, Republic of (Government);AUST;24/01/2018;AT0000A1ZGE4;AT0000A1ZGE4=;Euro;Austria;Govt/Treasury/Central Bank;Bundesanleihe;Plain Vanilla Fixed Coupon;13999317000;Investment Grade;Annually;Aa1;19/02/2026;19/02/2028;1000,000;1000,000;2;1;5,81;0,7500;95;98,795;0,994;494;3705
ING Bank NV;INGABK;17/02/2019;XS1952576475;DEA2RXX7=;Euro;Netherlands;Corporate;Covered Bond (Other);Plain Vanilla Fixed Coupon;2000000000;Investment Grade;Annually;Aaa;17/02/2026;17/02/2029;100000,000;100000,000;2;1;6,81;0,7500;100;95,025;1,53;5;3750
BPCE SFH SA;BPCEBC;22/02/2022;FR0014008JP6;FR0014008JP6=;Euro;France;Corporate;Obligation de Financement de l'Habitat (Covered Bond);Plain Vanilla Fixed Coupon;1750000000;Investment Grade;Annually;Aaa;22/02/2026;22/02/2029;100000,000;100000,000;2;1;6,82;0,7500;100;94,851;1,55;5;3750
Cooperatieve Rabobank UA;RABO;15/02/2022;NL0015000R54;NL0015000R54=;Euro;Netherlands;Corporate;Covered Bond (Other);Plain Vanilla Fixed Coupon;5000000000;Investment Grade;Annually;Aaa;15/02/2026;15/02/2030;100000,000;100000,000;2;1;7,81;0,6250;100;94,7;1,35;5;3125
ING DiBa AG;INGAB;24/02/2022;DE000A2YNWA1;DEA2YNWA=;Euro;Germany;Corporate;Hypothekenpfandbrief Jumbo (Covered Bond);Plain Vanilla Fixed Coupon;1500000000;Investment Grade;Annually;Aaa;24/02/2026;24/02/2029;100000,000;100000,000;2;1;6,83;0,6250;100;94,227;1,532;5;3125
OP Asuntoluottopankki Oyj;OPOSUK;14/02/2019;XS1951927158;DEA2RXT8=;Euro;Finland;Corporate;Covered Bond (Other);Plain Vanilla Fixed Coupon;1250000000;Investment Grade;Annually;Aaa;14/02/2026;14/02/2029;100000,000;100000,000;2;1;6,80;0,6250;100;94,099;1,55;5;3125
Banque Federative du Credit Mutuel SA;CAFDCB;20/10/2020;FR00140007J7;FR00140007J7=;Euro;France;Corporate;Bond;Plain Vanilla Fixed Coupon;1250000000;;Annually;A3;20/02/2026;20/02/2031;100000,000;100000,000;2;1;8,82;0,6250;70;83,519;2,721;4;2500
Germany, Federal Republic of (Government);BUND;11/01/2018;DE0001102440;DE110244=;Euro;Germany;Govt/Treasury/Central Bank;Bundesanleihe;Plain Vanilla Fixed Coupon;28500000000;Investment Grade;Annually;Aaa;14/02/2026;14/02/2028;0,010;0,010;2;1;5,80;0,5000;100;98,698;0,726;49349000;2467,45
Austria, Republic of (Government);AUST;04/02/2019;AT0000A269M8;AT0000A269M8=;Euro;Austria;Govt/Treasury/Central Bank;Bundesanleihe;Plain Vanilla Fixed Coupon;15341577000;Investment Grade;Annually;Aa1;19/02/2026;19/02/2029;1000,000;1000,000;2;1;6,82;0,5000;95;96,02;1,13;480;2400
ING Bank NV;INGABK;16/02/2022;XS2445188423;DEA3K2DJ=;Euro;Netherlands;Corporate;Covered Bond (Other);Plain Vanilla Fixed Coupon;1500000000;Investment Grade;Annually;Aaa;16/02/2026;16/02/2027;100000,000;100000,000;2;1;4,81;0,5000;100;96,005;1,37;5;2500
Germany, Federal Republic of (Government);BUND;12/01/2017;DE0001102416;DE110241=;Euro;Germany;Govt/Treasury/Central Bank;Bundesanleihe;Plain Vanilla Fixed Coupon;30500000000;Investment Grade;Annually;Aaa;14/02/2026;14/02/2027;0,010;0,010;2;1;4,80;0,2500;100;98,198;1,65;49099000;1227,475
Germany, Federal Republic of (Government);BUND;10/01/2019;DE0001102465;DE110246=;Euro;Germany;Govt/Treasury/Central Bank;Bundesanleihe;Plain Vanilla Fixed Coupon;29500000000;Investment Grade;Annually;Aaa;14/02/2026;14/02/2029;0,010;0,010;2;1;6,80;0,2500;100;96,554;0,769;48277000;1206,925
Belgium, Kingdom of (Government);OLO31;25/02/1998;BE0000291972;BE291=;Euro;Belgium;Govt/Treasury/Central Bank;Bond;Plain Vanilla Fixed Coupon;20687939136;Investment Grade;Annually;Aa3;27/03/2026;27/03/2028;0,010;0,010;3;1;5,92;5,5000;85;126,48;0,8634;63240000;34782
Belgium, Kingdom of (Government);OLO44;18/05/2004;BE0000304130;BE304=;Euro;Belgium;Govt/Treasury/Central Bank;Bond;Plain Vanilla Fixed Coupon;20821692800;;Annually;Aa3;27/03/2026;27/03/2035;0,010;0,010;3;1;12,92;5,0000;85;138,54;1,6521;69270000;34635
Belgium, Kingdom of (Government);OLO60;20/04/2010;BE0000320292;BE320=;Euro;Belgium;Govt/Treasury/Central Bank;Bond;Plain Vanilla Fixed Coupon;17499000000;;Annually;Aa3;27/03/2026;27/03/2041;0,010;0,010;3;1;18,92;4,2500;85;136,923;1,901;68461500;29096,1375
Programa Cedulas TDA FTA;PRGCD;27/03/2007;ES0371622046;ES37162204=;Euro;Spain;Corporate;Cedula Multicedente (Covered Bond);Plain Vanilla Fixed Coupon;1310000000;Investment Grade;Annually;Aa1;27/03/2026;27/03/2030;100000,000;100000,000;3;1;7,92;4,2500;95;112,878;1,543;6;25500
Austria, Republic of (Government);AUST;16/01/2007;AT0000A04967;AT0000A04967=;Euro;Austria;Govt/Treasury/Central Bank;Bundesanleihe;Plain Vanilla Fixed Coupon;15566012000;;Annually;Aa1;14/03/2026;14/03/2037;1000,000;1000,000;3;1;14,88;4,1500;95;135,352;1,495;677;28095,5
CaixaBank SA;CABKX;23/03/2006;ES0414950644;DEA0GPYT=;Euro;Spain;Corporate;Cedula Hipotecaria (Covered Bond);Plain Vanilla Fixed Coupon;2100000000;;Annually;Aa1;23/03/2026;23/03/2036;50000,000;50000,000;3;1;13,91;4,1250;95;125,45;2,034;13;26812,5
Belgium, Kingdom of (Government);OLO66;20/03/2012;BE0000326356;BE326=;Euro;Belgium;Govt/Treasury/Central Bank;Bond;Plain Vanilla Fixed Coupon;9580000000;;Annually;Aa3;27/03/2026;27/03/2032;0,010;0,010;3;1;9,92;4,0000;85;123,824;2,6;61912000;24764,8
Sanofi SA;SASY;20/03/2018;FR0013324373;FR0013324373=;Euro;France;Corporate;Bond;Plain Vanilla Fixed Coupon;1250000000;;Annually;Aa3;20/03/2026;20/03/2038;100000,000;100000,000;3;1;15,90;1,8750;85;96,698;2,12;5;9375
Societe Generale SA;SOGN;21/03/2019;FR0013410818;FR0013410818=;Euro;France;Corporate;Bond;Plain Vanilla Fixed Coupon;1250000000;Investment Grade;Annually;Baa2;21/03/2026;21/03/2029;100000,000;100000,000;3;1;6,90;1,7500;60;93,085;2,826;5;8750
Sanofi SA;SASY;20/03/2018;FR0013324357;FR0013324357=;Euro;France;Corporate;Bond;Plain Vanilla Fixed Coupon;2000000000;Investment Grade;Annually;Aa3;20/03/2026;20/03/2030;100000,000;100000,000;3;1;7,90;1,3750;85;98,219;1,587;5;6875
Ireland (Government);IRELND;16/10/2018;IE00BFZRQ242;IET13531=;Euro;Ireland;Govt/Treasury/Central Bank;Irish Government Bond;Plain Vanilla Fixed Coupon;7148090000;;Annually;Aa3;17/03/2026;17/03/2031;0,010;0,010;3;1;8,89;1,3500;85;99,992;1,343;49996000;6749,46
Unedic;UNEDI;27/03/2017;FR0013246873;FR0013246873=;Euro;France;Corporate;Bond;Plain Vanilla Fixed Coupon;3250000000;Investment Grade;Annually;Aa3;27/03/2026;27/03/2027;100000,000;100000,000;3;1;4,91;1,2500;85;100,239;1,2;5;6250
Credit Agricole Home Loan SFH SA;CAGRAH;23/03/2016;FR0013141074;FR0013141074=;Euro;France;Corporate;Obligation de Financement de l'Habitat (Covered Bond);Plain Vanilla Fixed Coupon;1500000000;;Annually;Aaa;23/03/2026;23/03/2031;100000,000;100000,000;3;1;8,90;1,2500;100;96,319;1,7;5;6250
Austria, Republic of (Government);AUST;01/04/2020;AT0000A2EJ08;AT0000A2EJ08=;Euro;Austria;Govt/Treasury/Central Bank;Bundesanleihe;Plain Vanilla Fixed Coupon;10463135000;;Annually;Aa1;19/03/2026;19/03/2051;1000,000;1000,000;3;1;28,91;0,7500;95;79,619;1,649;398;2985
Unedic;UNEDI;19/03/2019;FR0013410008;FR0013410008=;Euro;France;Corporate;Bond;Plain Vanilla Fixed Coupon;2500000000;Investment Grade;Annually;Aa3;19/03/2026;19/03/2029;100000,000;100000,000;3;1;6,89;0,5000;85;94,679;1,294;5;2500
Bpifrance SA;BPIFN;04/06/2020;FR0013516101;FR0013516101=;Euro;France;Corporate;Bond;Plain Vanilla Fixed Coupon;1250000000;Investment Grade;Annually;Aa3;28/03/2026;28/03/2030;100000,000;100000,000;3;1;7,92;0,2500;85;90,986;1,445;5;1250
Italy, Republic of (Government);BTP;16/03/2000;IT0001444378;IT144437=;Euro;Italy;Govt/Treasury/Central Bank;Bond;Plain Vanilla Fixed Coupon;32254500000;;Semiannually;Baa3;31/10/2025;30/04/2031;1000,000;1000,000;4;2;9,01;6,0000;55;128,0555;2,5053;640;38400
France, Republic of (Government);OAT;11/03/1998;FR0000571218;FR0000571218=;Euro;France;Govt/Treasury/Central Bank;Obligation Assimilable du Tresor;Plain Vanilla Fixed Coupon;45247880892;Investment Grade;Annually;Aa3;24/04/2026;24/04/2029;1,000;1,000;4;1;6,99;5,5000;85;129,886;1,0253;649430;35718,65
France, Republic of (Government);OAT;05/04/2004;FR0010070060;FR0010070060=;Euro;France;Govt/Treasury/Central Bank;Obligation Assimilable du Tresor;Plain Vanilla Fixed Coupon;35936000000;;Annually;Aa3;24/04/2026;24/04/2035;1,000;1,000;4;1;12,99;4,7500;85;137,613;1,5232;688065;32683,0875
Electricite De France SA;ELDFR;26/04/2010;FR0010891317;FR0010891317=;Euro;France;Corporate;Bond;Plain Vanilla Fixed Coupon;1500000000;Investment Grade;Annually;Baa1;25/04/2026;25/04/2030;50000,000;50000,000;4;1;7,99;4,6250;65;117,434;2,168;12;27750
France, Republic of (Government);OAT;29/06/2009;FR0010773192;FR0010773192=;Euro;France;Govt/Treasury/Central Bank;Obligation Assimilable du Tresor;Plain Vanilla Fixed Coupon;40476000000;;Annually;Aa3;24/04/2026;24/04/2041;1,000;1,000;4;1;19,00;4,5000;85;144,009;1,7437;720045;32402,025
Programa Cedulas TDA FTA;PRGCD;09/04/2006;ES0371622020;ES37162202=;Euro;Spain;Corporate;Cedula Multicedente (Covered Bond);Plain Vanilla Fixed Coupon;3805000000;;Annually;Aa1;09/04/2026;09/04/2031;100000,000;100000,000;4;1;8,95;4,2500;95;120,757;1,794;6;25500
Portugal, Republic of (Government);PORTGL;17/01/2017;PTOTEUOE0019;PTOTEUOE019=;Euro;Portugal;Govt/Treasury/Central Bank;Obrigacao do Tesouro;Plain Vanilla Fixed Coupon;10068169000;Investment Grade;Annually;A3;13/04/2026;13/04/2027;0,010;0,010;4;1;4,96;4,1250;70;113,969;1,204;56984500;23506,10625
Portugal, Republic of (Government);PORTGL;21/03/2006;PTOTE5OE0007;PTOTE5OE007=;Euro;Portugal;Govt/Treasury/Central Bank;Obrigacao do Tesouro;Plain Vanilla Fixed Coupon;11168719456;;Annually;A3;14/04/2026;14/04/2037;0,010;0,010;4;1;14,97;4,1000;70;124,45;2,185;62225000;25512,25
France, Republic of (Government);OAT;16/03/2010;FR0010870956;FR0010870956=;Euro;France;Govt/Treasury/Central Bank;Obligation Assimilable du Tresor;Plain Vanilla Fixed Coupon;21485000000;;Annually;Aa3;24/04/2026;24/04/2060;1,000;1,000;4;1;38,01;4,0000;85;156,635;1,8866;783175;31327
France, Republic of (Government);OAT;27/02/2005;FR0010171975;FR0010171975=;Euro;France;Govt/Treasury/Central Bank;Obligation Assimilable du Tresor;Plain Vanilla Fixed Coupon;22640000000;;Annually;Aa3;24/04/2026;24/04/2055;1,000;1,000;4;1;33,01;4,0000;85;151,88;1,8671;759400;30376
Compagnie de Financement Foncier SA;BPCERF;16/02/2006;FR0010292169;FR0010292169=;Euro;France;Corporate;Obligation Fonciere (Covered Bond);Plain Vanilla Fixed Coupon;1200000000;;Annually;Aaa;24/04/2026;24/04/2055;1000,000;1000,000;4;1;33,01;3,8750;100;149,588;1,85;748;28985
Aeroports de Paris SA;ADP;01/04/2020;FR0013505633;FR0013505633=;Euro;France;Corporate;Bond;Plain Vanilla Fixed Coupon;1500000000;Investment Grade;Annually;Baa1;01/04/2026;01/04/2030;100000,000;100000,000;4;1;7,93;2,7500;65;103,571;2,24;5;13750
Portugal, Republic of (Government);PORTGL;17/04/2018;PTOTEWOE0017;PTOTEWOE017=;Euro;Portugal;Govt/Treasury/Central Bank;Obrigacao do Tesouro;Plain Vanilla Fixed Coupon;9555164023;;Annually;A3;17/04/2026;17/04/2034;0,010;0,010;4;1;11,98;2,2500;70;102,304;2,051;51152000;11509,2
Spain, Kingdom of (Government);DEUDA;30/01/2017;ES00000128P8;ES0000128P=;Euro;Spain;Govt/Treasury/Central Bank;Obligacion del Estado;Plain Vanilla Fixed Coupon;26105700000;Investment Grade;Annually;Baa1;29/04/2026;29/04/2027;1000,000;1000,000;4;1;5,00;1,5000;65;100,925;1,316;505;7575
Unedic;UNEDI;19/04/2017;FR0013252228;FR0013252228=;Euro;France;Corporate;Bond;Plain Vanilla Fixed Coupon;2500000000;;Annually;Aa3;19/04/2026;19/04/2032;100000,000;100000,000;4;1;9,98;1,5000;85;98,901;1,605;5;7500
Cooperatieve Rabobank UA;RABO;25/04/2018;XS1811812574;XS1811812574=;Euro;Netherlands;Corporate;Covered Bond (Other);Plain Vanilla Fixed Coupon;1375000000;;Annually;Aaa;25/04/2026;25/04/2038;100000,000;100000,000;4;1;16,00;1,5000;100;94,014;1,94;5;7500
ABN Amro Bank NV;ABNAM;11/04/2018;XS1805353734;DEA19YY7=;Euro;Netherlands;Corporate;Covered Bond (Other);Plain Vanilla Fixed Coupon;1500000000;;Annually;Aaa;11/04/2026;11/04/2038;100000,000;100000,000;4;1;15,96;1,4500;100;93,285;1,94;5;7250
Spain, Kingdom of (Government);DEUDA;29/01/2018;ES0000012B39;ES000012B3=;Euro;Spain;Govt/Treasury/Central Bank;Obligacion del Estado;Plain Vanilla Fixed Coupon;28002452000;Investment Grade;Annually;Baa1;29/04/2026;29/04/2028;1000,000;1000,000;4;1;6,01;1,4000;65;99,946;1,398;500;7000
Finland, Republic of (Government);FINL;14/02/2017;FI4000242870;FI0242870=;Euro;Finland;Govt/Treasury/Central Bank;Bond;Plain Vanilla Fixed Coupon;6156000000;;Annually;Aa1;14/04/2026;14/04/2047;1000,000;1000,000;4;1;24,98;1,3750;95;97,254;1,5;486;6682,5
Compagnie de Financement Foncier SA;BPCERF;28/04/2016;FR0013160959;FR0013160959=;Euro;France;Corporate;Obligation Fonciere (Covered Bond);Plain Vanilla Fixed Coupon;1185000000;;Annually;Aaa;28/04/2026;28/04/2031;100000,000;100000,000;4;1;9,00;1,2000;100;95,855;1,685;5;6000
Finland, Republic of (Government);FINL;12/02/2018;FI4000306758;FI0306758=;Euro;Finland;Govt/Treasury/Central Bank;Bond;Plain Vanilla Fixed Coupon;5454000000;;Annually;Aa1;14/04/2026;14/04/2034;1000,000;1000,000;4;1;11,97;1,1250;95;96,071;1,481;480;5400
ABN Amro Bank NV;ABNAM;22/04/2019;XS1985004370;XS1985004370=;Euro;Netherlands;Corporate;Covered Bond (Other);Plain Vanilla Fixed Coupon;1250000000;;Annually;Aaa;22/04/2026;22/04/2039;100000,000;100000,000;4;1;16,99;1,1250;100;87,909;3,29;4;4500
Banco de Sabadell SA;SABE;25/04/2017;ES0413860596;DEA19GLZ=;Euro;Spain;Corporate;Cedula Hipotecaria (Covered Bond);Plain Vanilla Fixed Coupon;1100000000;Investment Grade;Annually;Aa1;25/04/2026;25/04/2027;100000,000;100000,000;4;1;4,99;1,0000;95;97,654;1,532;5;5000
Caisse Francaise de Financement Local SA;CDCEAF;24/04/2018;FR0013330693;FR0013330693=;Euro;France;Corporate;Obligation de Financement de l'Habitat (Covered Bond);Plain Vanilla Fixed Coupon;1650000000;Investment Grade;Annually;Aaa;24/04/2026;24/04/2028;100000,000;100000,000;4;1;5,99;1,0000;100;97,223;1,474;5;5000
ABN Amro Bank NV;ABNAM;12/04/2016;XS1394791492;XS1394791492=;Euro;Netherlands;Corporate;Covered Bond (Other);Plain Vanilla Fixed Coupon;2250000000;;Annually;Aaa;12/04/2026;12/04/2031;100000,000;100000,000;4;1;8,96;1,0000;100;94,433;1,68;5;5000
ING Bank NV;INGABK;10/04/2018;XS1805257265;XS1805257265=;Euro;Netherlands;Corporate;Covered Bond (Other);Plain Vanilla Fixed Coupon;1750000000;Investment Grade;Annually;Aaa;10/04/2026;10/04/2028;100000,000;100000,000;4;1;5,95;0,8750;100;96,651;1,47;5;4375
Finland, Republic of (Government);FINL;09/03/2015;FI4000148630;FI0148630=;Euro;Finland;Govt/Treasury/Central Bank;Bond;Plain Vanilla Fixed Coupon;4899000000;;Annually;Aa1;14/04/2026;14/04/2031;1000,000;1000,000;4;1;8,96;0,7500;95;95,702;1,253;479;3592,5
Ireland (Government);IRELND;21/04/2021;IE00BMQ5JM72;IET05541=;Euro;Ireland;Govt/Treasury/Central Bank;Irish Government Bond;Plain Vanilla Fixed Coupon;4532500000;;Annually;Aa3;21/04/2026;21/04/2041;0,010;0,010;4;1;18,99;0,5500;85;79,391;1,83;39695500;2183,2525
Germany, Federal Republic of (Government);BNDLK;09/04/2014;DE0001030559;DE103055=;Euro;Germany;Govt/Treasury/Central Bank;Bundesanleihe;Plain Vanilla Fixed Coupon;22150000000;Investment Grade;Annually;Aaa;14/04/2026;14/04/2030;0,010;0,010;4;1;7,96;0,5000;100;123,652;0,8;61826000;3091,3
Austria, Republic of (Government);AUST;19/04/2017;AT0000A1VGK0;AT0000A1VGK0=;Euro;Austria;Govt/Treasury/Central Bank;Bundesanleihe;Plain Vanilla Fixed Coupon;15799028000;Investment Grade;Annually;Aa1;19/04/2026;19/04/2027;1000,000;1000,000;4;1;4,98;0,5000;95;98,257;0,886;491;2455
Spain, Kingdom of (Government);DEUDA;20/01/2020;ES0000012F76;ES000012F7=;Euro;Spain;Govt/Treasury/Central Bank;Bono del Estado;Plain Vanilla Fixed Coupon;27595383000;Investment Grade;Annually;Baa1;29/04/2026;29/04/2030;1000,000;1000,000;4;1;8,01;0,5000;65;91,459;1,64;457;2285
Finland, Republic of (Government);FINL;01/02/2022;FI4000517677;FI0517677=;Euro;Finland;Govt/Treasury/Central Bank;Bond;Plain Vanilla Fixed Coupon;5420000000;;Annually;Aa1;14/04/2026;14/04/2043;1000,000;1000,000;4;1;20,97;0,5000;95;80,207;3,32;401;2005
Compagnie de Financement Foncier SA;BPCERF;08/04/2019;FR0013413382;FR0013413382=;Euro;France;Corporate;Obligation Fonciere (Covered Bond);Plain Vanilla Fixed Coupon;1250000000;Investment Grade;Annually;Aaa;08/04/2026;08/04/2027;100000,000;100000,000;4;1;4,95;0,3750;100;95,066;2,1;5;1875
BNP Paribas Home Loan SFH SA;BNPHM;15/04/2020;FR0013508231;FR0013508231=;Euro;France;Corporate;Obligation de Financement de l'Habitat (Covered Bond);Plain Vanilla Fixed Coupon;2000000000;Investment Grade;Annually;A1;15/04/2026;15/04/2029;100000,000;100000,000;4;1;6,97;0,3450;80;92,459;2,66;5;1725
Ireland (Government);IRELND;17/01/2013;IE00B8RZMN07;IET59242A=;Euro;Ireland;Govt/Treasury/Central Bank;Irish Government Bond;Plain Vanilla Fixed Coupon;71542412000;;Annually;Aa3;19/05/2026;19/05/2042;0,010;0,010;5;1;20,07;5,9200;85;143,44;1,6915;71720000;42458,24
AyT Cedulas Cajas Global FTA;AYTCJ;24/05/2007;ES0312298120;DEA0NVJQ=;Euro;Spain;Corporate;Cedula Multicedente (Covered Bond);Plain Vanilla Fixed Coupon;1545000000;Investment Grade;Annually;Aa1;24/05/2026;24/05/2030;100000,000;100000,000;5;1;8,07;4,7500;95;114,786;1,717;6;28500
Banco Santander SA;SAN;03/05/2007;ES0413900160;DEA0NT3B=;Euro;Spain;Corporate;Cedula Hipotecaria (Covered Bond);Plain Vanilla Fixed Coupon;1500000000;Investment Grade;Annually;Aa1;03/05/2026;03/05/2027;100000,000;100000,000;5;1;5,01;4,6250;95;115,279;1,454;6;27750
France, Republic of (Government);OAT;03/04/2013;FR0011461037;FR0011461037=;Euro;France;Govt/Treasury/Central Bank;Obligation Assimilable du Tresor;Plain Vanilla Fixed Coupon;31657000000;;Annually;Aa3;24/05/2026;24/05/2045;1,000;1,000;5;1;23,08;3,2500;85;127,457;1,7775;637285;20711,7625
France, Republic of (Government);OAT;05/05/2014;FR0011883966;FR0011883966=;Euro;France;Govt/Treasury/Central Bank;Obligation Assimilable du Tresor;Plain Vanilla Fixed Coupon;64301000000;Investment Grade;Annually;Aa3;24/05/2026;24/05/2030;1,000;1,000;5;1;8,07;2,5000;85;110,222;1,1517;551110;13777,75
Austria, Republic of (Government);AUST;16/04/2013;AT0000A10683;AT0000A10683=;Euro;Austria;Govt/Treasury/Central Bank;Bundesanleihe;Plain Vanilla Fixed Coupon;10029919000;;Annually;Aa1;22/05/2026;22/05/2034;1000,000;1000,000;5;1;12,07;2,4000;95;110,43;1,4661;552;13248
Ireland (Government);IRELND;10/11/2014;IE00BJ38CR43;IET2430=;Euro;Ireland;Govt/Treasury/Central Bank;Irish Government Bond;Plain Vanilla Fixed Coupon;9408550000;Investment Grade;Annually;Aa3;14/05/2026;14/05/2030;0,010;0,010;5;1;8,05;2,4000;85;108,7295;1,241;54364750;13047,54
Italy, Republic of (Government);BTP;31/01/2017;IT0005240830;IT524083=;Euro;Italy;Govt/Treasury/Central Bank;Bond;Plain Vanilla Fixed Coupon;19869551000;Investment Grade;Semiannually;Baa3;30/11/2025;31/05/2027;1000,000;1000,000;5;2;5,09;2,2000;55;101,517;1,886;508;11176
France, Republic of (Government);OAT;24/05/2017;FR0013257524;FR0013257524=;Euro;France;Govt/Treasury/Central Bank;Obligation Assimilable du Tresor;Plain Vanilla Fixed Coupon;30644000000;;Annually;Aa3;24/05/2026;24/05/2048;1,000;1,000;5;1;26,09;2,0000;85;103,677;1,814;518385;10367,7
Bpifrance SA;BPIFN;18/06/2015;FR0012792000;FR0012792000=;Euro;France;Corporate;Bond;Plain Vanilla Fixed Coupon;1540000000;Investment Grade;Annually;Aa3;24/05/2026;24/05/2030;100000,000;100000,000;5;1;8,07;1,8750;85;103,302;1,418;5;9375
France, Republic of (Government);OAT;18/04/2016;FR0013154028;FR0013154028=;Euro;France;Govt/Treasury/Central Bank;Obligation Assimilable du Tresor;Plain Vanilla Fixed Coupon;18394000000;;Annually;Aa3;24/05/2026;24/05/2066;1,000;1,000;5;1;44,10;1,7500;85;95,325;1,892;476625;8340,9375
Ireland (Government);IRELND;10/01/2017;IE00BV8C9B83;IET1737=;Euro;Ireland;Govt/Treasury/Central Bank;Irish Government Bond;Plain Vanilla Fixed Coupon;8917450000;;Annually;Aa3;14/05/2026;14/05/2037;0,010;0,010;5;1;15,05;1,7000;85;99,724;1,711;49862000;8476,54
France, Republic of (Government);OAT;04/10/2015;FR0012993103;FR0012993103=;Euro;France;Govt/Treasury/Central Bank;Obligation Assimilable du Tresor;Plain Vanilla Fixed Coupon;65270000000;;Annually;Aa3;24/05/2026;24/05/2031;1,000;1,000;5;1;9,07;1,5000;85;101,815;1,2815;509075;7636,125
France, Republic of (Government);OAT;25/02/2019;FR0013404969;FR0013404969=;Euro;France;Govt/Treasury/Central Bank;Obligation Assimilable du Tresor;Plain Vanilla Fixed Coupon;34348000000;;Annually;Aa3;24/05/2026;24/05/2050;1,000;1,000;5;1;28,09;1,5000;85;92,574;1,8316;462870;6943,05
Ireland (Government);IRELND;15/05/2019;IE00BH3SQB22;IET1H50=;Euro;Ireland;Govt/Treasury/Central Bank;Irish Government Bond;Plain Vanilla Fixed Coupon;9181280000;;Annually;Aa3;14/05/2026;14/05/2050;0,010;0,010;5;1;28,06;1,5000;85;91,079;1,891;45539500;6830,925
BNP Paribas SA;BNPP;27/05/2019;FR0013422011;FR0013422011=;Euro;France;Corporate;Bond;Plain Vanilla Fixed Coupon;1450000000;Investment Grade;Annually;Baa1;27/05/2026;27/05/2029;100000,000;100000,000;5;1;7,08;1,3750;65;92,331;2,543;5;6875
Italy, Republic of (Government);BTPI;13/03/2017;IT0005246134;IT524613=;Euro;Italy;Govt/Treasury/Central Bank;Bond;Plain Vanilla Fixed Coupon;15872531000;Investment Grade;Semiannually;Baa3;14/11/2025;14/05/2028;1000,000;1000,000;5;2;6,05;1,3000;55;113,473;2,098;567;7371
Ireland (Government);IRELND;16/04/2018;IE00BFZRPZ02;IET1333=;Euro;Ireland;Govt/Treasury/Central Bank;Irish Government Bond;Plain Vanilla Fixed Coupon;5394830000;;Annually;Aa3;14/05/2026;14/05/2033;0,010;0,010;5;1;11,05;1,3000;85;96,531;1,638;48265500;6274,515
France, Republic of (Government);OAT;04/02/2018;FR0013313582;FR0013313582=;Euro;France;Govt/Treasury/Central Bank;Obligation Assimilable du Tresor;Plain Vanilla Fixed Coupon;60455000000;;Annually;Aa3;24/05/2026;24/05/2034;1,000;1,000;5;1;12,08;1,2500;85;96,54;1,5633;482700;6033,75
Unedic;UNEDI;29/05/2018;FR0013336492;FR0013336492=;Euro;France;Corporate;Bond;Plain Vanilla Fixed Coupon;2000000000;;Annually;Aa3;24/05/2026;24/05/2033;100000,000;100000,000;5;1;11,08;1,2500;85;95,442;1,684;5;6250
Cooperatieve Rabobank UA;RABO;30/05/2017;XS1622193321;DEA19H49=;Euro;Netherlands;Corporate;Covered Bond (Other);Plain Vanilla Fixed Coupon;1370000000;;Annually;Aaa;30/05/2026;30/05/2032;100000,000;100000,000;5;1;10,09;1,2500;100;95,316;1,76;5;6250
France, Republic of (Government);OAT;18/04/2016;FR0013154044;FR0013154044=;Euro;France;Govt/Treasury/Central Bank;Obligation Assimilable du Tresor;Plain Vanilla Fixed Coupon;54657000000;;Annually;Aa3;24/05/2026;24/05/2036;1,000;1,000;5;1;14,08;1,2500;85;95,099;1,6329;475495;5943,6875
Ireland (Government);IRELND;15/01/2019;IE00BH3SQ895;IET1129=;Euro;Ireland;Govt/Treasury/Central Bank;Irish Government Bond;Plain Vanilla Fixed Coupon;10227700000;Investment Grade;Annually;Aa3;14/05/2026;14/05/2029;0,010;0,010;5;1;7,05;1,1000;85;99,395;1,186;49697500;5466,725
France, Republic of (Government);OAT;09/04/2017;FR0013250560;FR0013250560=;Euro;France;Govt/Treasury/Central Bank;Obligation Assimilable du Tresor;Plain Vanilla Fixed Coupon;45339000000;Investment Grade;Annually;Aa3;24/05/2026;24/05/2027;1,000;1,000;5;1;5,07;1,0000;85;100,511;0,8861;502555;5025,55
Bpifrance SA;BPIFN;16/05/2017;FR0013256369;FR0013256369=;Euro;France;Corporate;Bond;Plain Vanilla Fixed Coupon;2000000000;Investment Grade;Annually;Aa3;24/05/2026;24/05/2027;100000,000;100000,000;5;1;5,07;1,0000;85;99,493;1,09;5;5000
Ireland (Government);IRELND;09/01/2018;IE00BDHDPR44;IET0928=;Euro;Ireland;Govt/Treasury/Central Bank;Irish Government Bond;Plain Vanilla Fixed Coupon;8683000000;Investment Grade;Annually;Aa3;14/05/2026;14/05/2028;0,010;0,010;5;1;6,05;0,9000;85;99,016;1,05;49508000;4455,72
Unedic;UNEDI;02/10/2018;FR0013369758;FR0013369758=;Euro;France;Corporate;Bond;Plain Vanilla Fixed Coupon;2000000000;Investment Grade;Annually;Aa3;24/05/2026;24/05/2028;100000,000;100000,000;5;1;6,07;0,8750;85;97,783;1,233;5;4375
Banco Santander SA;SAN;08/05/2019;ES0413900558;DEA2R1SB=;Euro;Spain;Corporate;Cedula Hipotecaria (Covered Bond);Plain Vanilla Fixed Coupon;1500000000;;Annually;Aa1;08/05/2026;08/05/2031;100000,000;100000,000;5;1;9,03;0,8750;95;92,818;1,763;5;4375
Credit Agricole Home Loan SFH SA;CAGRAH;05/05/2019;FR0013417334;FR0013417334=;Euro;France;Corporate;Obligation de Financement de l'Habitat (Covered Bond);Plain Vanilla Fixed Coupon;1250000000;;Annually;Aaa;05/05/2026;05/05/2034;100000,000;100000,000;5;1;12,02;0,8750;100;89,491;3,04;4;3500
France, Republic of (Government);OAT;08/10/2017;FR0013286192;FR0013286192=;Euro;France;Govt/Treasury/Central Bank;Obligation Assimilable du Tresor;Plain Vanilla Fixed Coupon;65097000000;Investment Grade;Annually;Aa3;24/05/2026;24/05/2028;1,000;1,000;5;1;6,07;0,7500;85;98,59;0,99;492950;3697,125
Credit Agricole Home Loan SFH SA;CAGRAH;04/05/2017;FR0013254273;FR0013254273=;Euro;France;Corporate;Obligation de Financement de l'Habitat (Covered Bond);Plain Vanilla Fixed Coupon;1500000000;Investment Grade;Annually;Aaa;04/05/2026;04/05/2027;100000,000;100000,000;5;1;5,02;0,7500;100;96,679;1,44;5;3750
France, Republic of (Government);OAT;03/02/2020;FR0013480613;FR0013480613=;Euro;France;Govt/Treasury/Central Bank;Obligation Assimilable du Tresor;Plain Vanilla Fixed Coupon;33622000000;;Annually;Aa3;24/05/2026;24/05/2052;1,000;1,000;5;1;30,09;0,7500;85;74,353;1,8607;371765;2788,2375
France, Republic of (Government);OAT;12/07/2021;FR0014004J31;FR0014004J31=;Euro;France;Govt/Treasury/Central Bank;Obligation Assimilable du Tresor;Plain Vanilla Fixed Coupon;33416000000;;Annually;Aa3;24/05/2026;24/05/2053;1,000;1,000;5;1;31,09;0,7500;85;72,925;3,82;364625;2734,6875
France, Republic of (Government);OAT;10/03/2019;FR0013407236;FR0013407236=;Euro;France;Govt/Treasury/Central Bank;Obligation Assimilable du Tresor;Plain Vanilla Fixed Coupon;58805000000;Investment Grade;Annually;Aa3;24/05/2026;24/05/2029;1,000;1,000;5;1;7,07;0,5000;85;95,893;1,11;479465;2397,325
Unedic;UNEDI;22/06/2021;FR00140045Z3;FR00140045Z3=;Euro;France;Corporate;Bond;Plain Vanilla Fixed Coupon;2000000000;;Annually;Aa3;24/05/2026;24/05/2036;100000,000;100000,000;5;1;14,08;0,5000;85;83,06;3,31;4;2000
France, Republic of (Government);OAT;02/06/2020;FR0013515806;FR0013515806=;Euro;France;Govt/Treasury/Central Bank;Obligation Assimilable du Tresor;Plain Vanilla Fixed Coupon;32155000000;;Annually;Aa3;24/05/2026;24/05/2040;1,000;1,000;5;1;18,08;0,5000;85;80,707;3,56;403535;2017,675
France, Republic of (Government);OAT;25/01/2021;FR0014001NN8;FR0014001NN8=;Euro;France;Govt/Treasury/Central Bank;Obligation Assimilable du Tresor;Plain Vanilla Fixed Coupon;14472000000;;Annually;Aa3;24/05/2026;24/05/2072;1,000;1,000;5;1;50,10;0,5000;85;53,6;3,55;268000;1340
Italy, Republic of (Government);BTPI;08/10/2019;IT0005387052;IT538705=;Euro;Italy;Govt/Treasury/Central Bank;Bond;Plain Vanilla Fixed Coupon;15808270000;Investment Grade;Semiannually;Baa3;14/11/2025;14/05/2030;1000,000;1000,000;5;2;8,05;0,4000;55;106,003;2,579;530;2120
Ireland (Government);IRELND;14/01/2020;IE00BKFVC345;IET0435=;Euro;Ireland;Govt/Treasury/Central Bank;Irish Government Bond;Plain Vanilla Fixed Coupon;5365750000;;Annually;Aa3;14/05/2026;14/05/2035;0,010;0,010;5;1;13,05;0,4000;85;85,135;1,657;42567500;1702,7
Belgium, Kingdom of (Government);OLO71;16/09/2013;BE0000331406;BE331=;Euro;Belgium;Govt/Treasury/Central Bank;Bond;Plain Vanilla Fixed Coupon;9945000000;;Annually;Aa3;21/06/2026;21/06/2045;0,010;0,010;6;1;23,16;3,7500;85;133,357;1,95;66678500;25004,4375
Austria, Republic of (Government);AUST;02/07/2012;AT0000A0VRQ6;AT0000A0VRQ6=;Euro;Austria;Govt/Treasury/Central Bank;Bundesanleihe;Plain Vanilla Fixed Coupon;10564275000;;Annually;Aa1;19/06/2026;19/06/2044;1000,000;1000,000;6;1;22,16;3,1500;95;130,578;1,5249;653;20569,5
Belgium, Kingdom of (Government);OLO73;17/03/2014;BE0000333428;BE333=;Euro;Belgium;Govt/Treasury/Central Bank;Bond;Plain Vanilla Fixed Coupon;11676000000;;Annually;Aa3;21/06/2026;21/06/2034;0,010;0,010;6;1;12,15;3,0000;85;115,437;1,59;57718500;17315,55
Belgium, Kingdom of (Government);OLO83;13/02/2017;BE0000343526;BE343=;Euro;Belgium;Govt/Treasury/Central Bank;Bond;Plain Vanilla Fixed Coupon;8544000000;;Annually;Aa3;21/06/2026;21/06/2057;0,010;0,010;6;1;35,17;2,2500;85;106,05;2,01;53025000;11930,625
Belgium, Kingdom of (Government);OLO80;05/05/2016;BE0000340498;BE340=;Euro;Belgium;Govt/Treasury/Central Bank;Bond;Plain Vanilla Fixed Coupon;8775000000;;Annually;Aa3;21/06/2026;21/06/2066;0,010;0,010;6;1;44,18;2,1500;85;103,19;2,04;51595000;11092,925
Portugal, Republic of (Government);PORTGL;15/01/2019;PTOTEXOE0024;PTOTEXOE024=;Euro;Portugal;Govt/Treasury/Central Bank;Obrigacao do Tesouro;Plain Vanilla Fixed Coupon;13038995000;Investment Grade;Annually;A3;14/06/2026;14/06/2029;0,010;0,010;6;1;7,13;1,9500;70;102,642;1,569;51321000;10007,595
Belgium, Kingdom of (Government);OLO76;15/09/2015;BE0000336454;BE336=;Euro;Belgium;Govt/Treasury/Central Bank;Bond;Plain Vanilla Fixed Coupon;10569000000;;Annually;Aa3;21/06/2026;21/06/2038;0,010;0,010;6;1;16,16;1,9000;85;101,784;1,77;50892000;9669,48
France, Republic of (Government);OAT;30/01/2017;FR0013234333;FR0013234333=;Euro;France;Govt/Treasury/Central Bank;Obligation Assimilable du Tresor;Plain Vanilla Fixed Coupon;36304000000;;Annually;Aa3;24/06/2026;24/06/2039;1,000;1,000;6;1;17,16;1,7500;85;101,552;1,639;507760;8885,8
Belgium, Kingdom of (Government);OLO78;07/03/2016;BE0000338476;BE338=;Euro;Belgium;Govt/Treasury/Central Bank;Bond;Plain Vanilla Fixed Coupon;11064000000;;Annually;Aa3;21/06/2026;21/06/2047;0,010;0,010;6;1;25,16;1,6000;85;92,815;3,66;46407500;7425,2
Caisse Francaise de Financement Local SA;CDCEAF;27/06/2018;FR0013345485;FR0013345485=;Euro;France;Corporate;Obligation Fonciere (Covered Bond);Plain Vanilla Fixed Coupon;1050000000;;Annually;Aaa;27/06/2026;27/06/2038;100000,000;100000,000;6;1;16,17;1,5000;100;93,878;1,95;5;7500
Belgium, Kingdom of (Government);OLO84;30/05/2017;BE0000344532;BE344=;Euro;Belgium;Govt/Treasury/Central Bank;Bond;Plain Vanilla Fixed Coupon;7774000000;;Annually;Aa3;21/06/2026;21/06/2037;0,010;0,010;6;1;15,16;1,4500;85;95,649;1,78;47824500;6934,5525
Societe Generale SA;SOGN;11/06/2020;FR0013518057;FR0013518057=;Euro;France;Corporate;Bond;Plain Vanilla Fixed Coupon;1100000000;Investment Grade;Annually;Baa2;11/06/2026;11/06/2030;100000,000;100000,000;6;1;8,12;1,2500;60;87,801;2,927;4;5000
Societe Generale SFH SA;SOGNER;23/06/2016;FR0013184231;FR0013184231=;Euro;France;Corporate;Obligation de Financement de l'Habitat (Covered Bond);Plain Vanilla Fixed Coupon;1500000000;;Annually;Aaa;23/06/2026;23/06/2031;100000,000;100000,000;6;1;9,16;1,1500;100;93,786;1,804;5;5750
Belgium, Kingdom of (Government);OLO75;16/02/2015;BE0000335449;BE335=;Euro;Belgium;Govt/Treasury/Central Bank;Bond;Plain Vanilla Fixed Coupon;17922000000;;Annually;Aa3;21/06/2026;21/06/2031;0,010;0,010;6;1;9,15;1,0000;85;96,994;1,35;48497000;4849,7
Belgium, Kingdom of (Government);OLO87;14/01/2019;BE0000347568;BE347=;Euro;Belgium;Govt/Treasury/Central Bank;Bond;Plain Vanilla Fixed Coupon;20304000000;Investment Grade;Annually;Aa3;21/06/2026;21/06/2029;0,010;0,010;6;1;7,15;0,9000;85;98,35;1,14;49175000;4425,75
BPCE SFH SA;BPCEBC;29/06/2016;FR0013186046;FR0013186046=;Euro;France;Corporate;Obligation de Financement de l'Habitat (Covered Bond);Plain Vanilla Fixed Coupon;1500000000;;Annually;Aaa;29/06/2026;29/06/2031;100000,000;100000,000;6;1;9,17;0,8750;100;93,02;1,7;5;4375
Austria, Republic of (Government);AUST;29/06/2020;AT0000A2HLC4;AT0000A2HLC4=;Euro;Austria;Govt/Treasury/Central Bank;Bundesanleihe;Plain Vanilla Fixed Coupon;5800000000;;Annually;Aa1;29/06/2026;29/06/2120;1000,000;1000,000;6;1;98,23;0,8500;95;54,671;1,924;273;2320,5
Belgium, Kingdom of (Government);OLO81;23/01/2017;BE0000341504;BE341=;Euro;Belgium;Govt/Treasury/Central Bank;Bond;Plain Vanilla Fixed Coupon;17005000000;Investment Grade;Annually;Aa3;21/06/2026;21/06/2027;0,010;0,010;6;1;5,15;0,8000;85;99,519;0,9;49759500;3980,76
Cooperatieve Rabobank UA;RABO;20/06/2019;XS2014373851;XS2014373851=;Euro;Netherlands;Corporate;Covered Bond (Other);Plain Vanilla Fixed Coupon;1550000000;;Annually;Aaa;20/06/2026;20/06/2039;100000,000;100000,000;6;1;17,15;0,7500;100;82,4;3,28;4;3000
EssilorLuxottica SA;ESLX;04/06/2020;FR0013516077;FR0013516077=;Euro;France;Corporate;Bond;Plain Vanilla Fixed Coupon;1250000000;Investment Grade;Annually;A2;04/06/2026;04/06/2028;100000,000;100000,000;6;1;6,10;0,5000;75;93,717;1,555;5;2500
France, Republic of (Government);OAT;22/03/2021;FR0014002JM6;FR0014002JM6=;Euro;France;Govt/Treasury/Central Bank;Obligation Assimilable du Tresor;Plain Vanilla Fixed Coupon;23870000000;;Annually;Aa3;24/06/2026;24/06/2044;1,000;1,000;6;1;22,17;0,5000;85;76,662;3,64;383310;1916,55
Germany, Federal Republic of (Government);BUND;03/07/1997;DE0001135044;DE113504=;Euro;Germany;Govt/Treasury/Central Bank;Bundesanleihe;Plain Vanilla Fixed Coupon;13750000000;Investment Grade;Annually;Aaa;03/07/2025;03/07/2027;0,010;0,010;7;1;5,18;6,5000;100;129,504;0,6616;64752000;42088,8
Austria, Republic of (Government);AUST;10/07/1997;AT0000383864;AT0000383864=;Euro;Austria;Govt/Treasury/Central Bank;Bundesanleihe;Plain Vanilla Fixed Coupon;9699531002;Investment Grade;Annually;Aa1;14/07/2025;14/07/2027;0,010;0,010;7;1;5,21;6,2500;95;127,866;0,76;63933000;39958,125
Spain, Kingdom of (Government);DEUDA;14/03/2011;ES00000123C7;ES0000123C=;Euro;Spain;Govt/Treasury/Central Bank;Obligacion del Estado;Plain Vanilla Fixed Coupon;25659627000;Investment Grade;Annually;Baa1;29/07/2025;29/07/2026;1000,000;1000,000;7;1;4,25;5,9000;65;119,695;1,12;598;35282
Spain, Kingdom of (Government);DEUDA;22/01/2001;ES0000012411;ES00001241=;Euro;Spain;Govt/Treasury/Central Bank;Obligacion del Estado;Plain Vanilla Fixed Coupon;41289456710;;Annually;Baa1;29/07/2025;29/07/2032;1000,000;1000,000;7;1;10,26;5,7500;65;135,897;1,861;679;39042,5
Italy, Republic of (Government);BTP;22/10/2007;IT0004286966;IT428696=;Euro;Italy;Govt/Treasury/Central Bank;Bond;Plain Vanilla Fixed Coupon;26589265000;;Semiannually;Baa3;31/07/2025;31/07/2039;1000,000;1000,000;7;2;17,27;5,0000;55;127,171;2,9925;636;31800
Italy, Republic of (Government);BTP;23/09/2003;IT0003535157;IT353515=;Euro;Italy;Govt/Treasury/Central Bank;Bond;Plain Vanilla Fixed Coupon;29290621000;;Semiannually;Baa3;31/07/2025;31/07/2034;1000,000;1000,000;7;2;12,26;5,0000;55;123,425;2,7375;617;30850
Spain, Kingdom of (Government);DEUDA;19/06/2007;ES00000120N0;ES0000120N=;Euro;Spain;Govt/Treasury/Central Bank;Obligacion del Estado;Plain Vanilla Fixed Coupon;22147795000;;Annually;Baa1;29/07/2025;29/07/2040;1000,000;1000,000;7;1;18,26;4,9000;65;139,921;2,204;700;34300
Germany, Federal Republic of (Government);BUND;24/07/2008;DE0001135366;DE113536=;Euro;Germany;Govt/Treasury/Central Bank;Bundesanleihe;Plain Vanilla Fixed Coupon;22000000000;;Annually;Aaa;03/07/2025;03/07/2040;0,010;0,010;7;1;18,19;4,7500;100;171,389;1,0333;85694500;40704,8875
Germany, Federal Republic of (Government);BUND;30/01/2003;DE0001135226;DE113522=;Euro;Germany;Govt/Treasury/Central Bank;Bundesanleihe;Plain Vanilla Fixed Coupon;24500000000;;Annually;Aaa;03/07/2025;03/07/2034;0,010;0,010;7;1;12,19;4,7500;100;143,644;0,9325;71822000;34115,45
Germany, Federal Republic of (Government);BUND;08/10/1998;DE0001135085;DE113508=;Euro;Germany;Govt/Treasury/Central Bank;Bundesanleihe;Plain Vanilla Fixed Coupon;13750000000;Investment Grade;Annually;Aaa;03/07/2025;03/07/2028;0,010;0,010;7;1;6,18;4,7500;100;124,371;0,6854;62185500;29538,1125
Spain, Kingdom of (Government);DEUDA;27/09/2009;ES00000121S7;ES0000121S=;Euro;Spain;Govt/Treasury/Central Bank;Obligacion del Estado;Plain Vanilla Fixed Coupon;25134531000;;Annually;Baa1;29/07/2025;29/07/2041;1000,000;1000,000;7;1;19,26;4,7000;65;137,708;2,251;689;32383
Germany, Federal Republic of (Government);BUND;25/01/2007;DE0001135325;DE113532=;Euro;Germany;Govt/Treasury/Central Bank;Bundesanleihe;Plain Vanilla Fixed Coupon;19250000000;;Annually;Aaa;03/07/2025;03/07/2039;0,010;0,010;7;1;17,19;4,2500;100;150,337;1,0308;75168500;31946,6125
Spain, Kingdom of (Government);DEUDA;17/05/2016;ES00000128E2;ES0000128E=;Euro;Spain;Govt/Treasury/Central Bank;Obligacion del Estado;Plain Vanilla Fixed Coupon;16037156000;;Annually;Baa1;29/07/2025;29/07/2066;1000,000;1000,000;7;1;44,28;3,4500;65;115,097;2,828;575;19837,5
France, Republic of (Government);OATI;30/09/1999;FR0000186413;FR0000186413=;Euro;France;Govt/Treasury/Central Bank;Obligation Assimilable du Tresor;Plain Vanilla Fixed Coupon;10701000000;Investment Grade;Annually;Aa3;24/07/2025;24/07/2029;1,000;1,000;7;1;7,24;3,4000;85;141,62;1,032;708100;24075,4
Germany, Federal Republic of (Government);BUND;22/07/2010;DE0001135432;DE113543=;Euro;Germany;Govt/Treasury/Central Bank;Bundesanleihe;Plain Vanilla Fixed Coupon;20000000000;;Annually;Aaa;03/07/2025;03/07/2042;0,010;0,010;7;1;20,19;3,2500;100;140,418;1,0178;70209000;22817,925
France, Republic of (Government);OATEI;30/10/2002;FR0000188799;FR0000188799=;Euro;France;Govt/Treasury/Central Bank;Obligation Assimilable du Tresor;Plain Vanilla Fixed Coupon;13929000000;;Annually;Aa3;24/07/2025;24/07/2032;1,000;1,000;7;1;10,24;3,1500;85;153,1855;1,43;765928;24126,732
Italy, Republic of (Government);BTP;28/02/2019;IT0005365165;IT536516=;Euro;Italy;Govt/Treasury/Central Bank;Bond;Plain Vanilla Fixed Coupon;23966500000;Investment Grade;Semiannually;Baa3;31/07/2025;31/07/2029;1000,000;1000,000;7;2;7,26;3,0000;55;104,483;2,333;522;15660
Portugal, Republic of (Government);PORTGL;20/01/2016;PTOTETOE0012;PTOTETOE012=;Euro;Portugal;Govt/Treasury/Central Bank;Obrigacao do Tesouro;Plain Vanilla Fixed Coupon;12173946000;Investment Grade;Annually;A3;20/07/2025;20/07/2026;0,010;0,010;7;1;4,23;2,8750;70;107,395;1,07;53697500;15438,03125
Finland, Republic of (Government);FINL;06/02/2012;FI4000037635;FI0037635=;Euro;Finland;Govt/Treasury/Central Bank;Bond;Plain Vanilla Fixed Coupon;5300000000;Investment Grade;Annually;Aa1;03/07/2025;03/07/2028;1000,000;1000,000;7;1;6,18;2,7500;95;110,63;0,957;553;15207,5
Finland, Republic of (Government);FINL;02/07/2012;FI4000046545;FI0046545=;Euro;Finland;Govt/Treasury/Central Bank;Bond;Plain Vanilla Fixed Coupon;5960000000;;Annually;Aa1;03/07/2025;03/07/2042;1000,000;1000,000;7;1;20,19;2,6250;95;117,917;1,577;590;15487,5
Germany, Federal Republic of (Government);BUND;26/04/2012;DE0001135481;DE113548=;Euro;Germany;Govt/Treasury/Central Bank;Bundesanleihe;Plain Vanilla Fixed Coupon;32500000000;;Annually;Aaa;03/07/2025;03/07/2044;0,010;0,010;7;1;22,19;2,5000;100;129,465;1,0081;64732500;16183,125
Spain, Kingdom of (Government);DEUDA;28/02/2017;ES00000128Q6;ES0000128Q=;Euro;Spain;Govt/Treasury/Central Bank;Obligacion del Estado;Plain Vanilla Fixed Coupon;22636542000;;Annually;Baa1;29/07/2025;29/07/2033;1000,000;1000,000;7;1;11,26;2,3500;65;103,383;2,001;517;12149,5
Italy, Republic of (Government);BTP;14/04/2019;IT0005370306;IT537030=;Euro;Italy;Govt/Treasury/Central Bank;Bond;Plain Vanilla Fixed Coupon;17785321000;Investment Grade;Semiannually;Baa3;14/07/2025;14/07/2026;1000,000;1000,000;7;2;4,21;2,1000;55;101,571;1,72;508;10668
Italy, Republic of (Government);BTP;03/07/2017;IT0005274805;IT527480=;Euro;Italy;Govt/Treasury/Central Bank;Bond;Plain Vanilla Fixed Coupon;20196628000;Investment Grade;Semiannually;Baa3;31/07/2025;31/07/2027;1000,000;1000,000;7;2;5,26;2,0500;55;100,479;1,956;502;10291
Spain, Kingdom of (Government);DEUDA;03/03/2015;ES00000127A2;ES0000127A=;Euro;Spain;Govt/Treasury/Central Bank;Obligacion del Estado;Plain Vanilla Fixed Coupon;27928435000;Investment Grade;Annually;Baa1;29/07/2025;29/07/2030;1000,000;1000,000;7;1;8,25;1,9500;65;101,912;1,687;510;9945
France, Republic of (Government);OATEI;15/02/2011;FR0011008705;FR0011008705=;Euro;France;Govt/Treasury/Central Bank;Obligation Assimilable du Tresor;Plain Vanilla Fixed Coupon;24562000000;Investment Grade;Annually;Aa3;24/07/2025;24/07/2027;1,000;1,000;7;1;5,24;1,8500;85;124,545;0,895;622725;11520,4125
France, Republic of (Government);OATEI;13/03/2007;FR0010447367;FR0010447367=;Euro;France;Govt/Treasury/Central Bank;Obligation Assimilable du Tresor;Plain Vanilla Fixed Coupon;15556000000;;Annually;Aa3;24/07/2025;24/07/2040;1,000;1,000;7;1;18,25;1,8000;85;157,457;1,749;787285;14171,13
BNP Paribas SA;BNPP;01/07/2019;FR0013431277;FR0013431277=;Euro;France;Corporate;Bond;Plain Vanilla Fixed Coupon;1108000000;;Annually;Baa2;01/07/2026;01/07/2031;100000,000;100000,000;7;1;9,18;1,6250;60;85,824;3,424;4;6500
Spain, Kingdom of (Government);DEUDA;02/07/2018;ES0000012B88;ES000012B8=;Euro;Spain;Govt/Treasury/Central Bank;Obligacion del Estado;Plain Vanilla Fixed Coupon;24863119000;Investment Grade;Annually;Baa1;29/07/2025;29/07/2028;1000,000;1000,000;7;1;6,25;1,4000;65;99,801;1,43;499;6986
BNP Paribas Home Loan SFH SA;BNPHM;10/10/2018;FR0013371499;FR0013371499=;Euro;France;Corporate;Obligation de Financement de l'Habitat (Covered Bond);Plain Vanilla Fixed Coupon;1100000000;Investment Grade;Annually;A1;10/07/2025;10/07/2027;100000,000;100000,000;7;1;5,20;0,8870;80;97,718;1,35;5;4435
France, Republic of (Government);OATEI;17/06/2014;FR0011982776;FR0011982776=;Euro;France;Govt/Treasury/Central Bank;Obligation Assimilable du Tresor;Plain Vanilla Fixed Coupon;17232000000;Investment Grade;Annually;Aa3;24/07/2025;24/07/2030;1,000;1,000;7;1;8,24;0,7000;85;122,77;1,172;613850;4296,95
Bpifrance SA;BPIFN;21/07/2016;FR0013190220;FR0013190220=;Euro;France;Corporate;Bond;Plain Vanilla Fixed Coupon;1100000000;;Annually;Aa3;21/07/2025;21/07/2031;100000,000;100000,000;7;1;9,23;0,6250;85;92,41;1,498;5;3125
Banco Santander Totta SA;SANHLD;04/07/2019;PTBSRGOM0034;PTBSRGOM034=;Euro;Portugal;Corporate;Obrigacao Hipotecaria (Covered Bond);Plain Vanilla Fixed Coupon;1100000000;Investment Grade;Annually;Aaa;04/07/2025;04/07/2029;100000,000;100000,000;7;1;7,19;0,4120;100;91,357;2,64;5;2060
Banco Santander SA;SAN;09/07/2019;ES0413900566;ES41390056=;Euro;Spain;Corporate;Cedula Hipotecaria (Covered Bond);Plain Vanilla Fixed Coupon;1500000000;Investment Grade;Annually;Aa1;09/07/2025;09/07/2029;100000,000;100000,000;7;1;7,20;0,2500;95;90,851;1,628;5;1250
Unedic;UNEDI;15/07/2020;FR0013524410;FR0013524410=;Euro;France;Corporate;Bond;Plain Vanilla Fixed Coupon;3500000000;;Annually;Aa3;15/07/2025;15/07/2035;100000,000;100000,000;7;1;13,22;0,2500;85;81,578;1,812;4;1000
Italy, Republic of (Government);BTP;15/09/2009;IT0004532559;IT453255=;Euro;Italy;Govt/Treasury/Central Bank;Bond;Plain Vanilla Fixed Coupon;25352355000;;Semiannually;Baa3;31/08/2025;31/08/2040;1000,000;1000,000;8;2;18,35;5,0000;55;128,1835;3,0076;641;32050
Italy, Republic of (Government);BTP;21/05/2013;IT0004923998;IT492399=;Euro;Italy;Govt/Treasury/Central Bank;Bond;Plain Vanilla Fixed Coupon;20483479000;;Semiannually;Baa3;31/08/2025;31/08/2044;1000,000;1000,000;8;2;22,36;4,7500;55;127,414;3,0641;637;30257,5
Italy, Republic of (Government);BTP;21/01/2013;IT0004889033;IT488903=;Euro;Italy;Govt/Treasury/Central Bank;Bond;Plain Vanilla Fixed Coupon;26576154000;Investment Grade;Semiannually;Baa3;31/08/2025;31/08/2028;1000,000;1000,000;8;2;6,35;4,7500;55;115,3685;2,1461;577;27407,5
Italy, Republic of (Government);BTP;12/02/2019;IT0005363111;IT536311=;Euro;Italy;Govt/Treasury/Central Bank;Bond;Plain Vanilla Fixed Coupon;18117966000;;Semiannually;Baa3;31/08/2025;31/08/2049;1000,000;1000,000;8;2;27,36;3,8500;55;112,808;3,164;564;21714
Italy, Republic of (Government);BTP;21/01/2015;IT0005083057;IT508305=;Euro;Italy;Govt/Treasury/Central Bank;Bond;Plain Vanilla Fixed Coupon;18904325000;;Semiannually;Baa3;31/08/2025;31/08/2046;1000,000;1000,000;8;2;24,36;3,2500;55;102,998;3,0927;515;16737,5
Italy, Republic of (Government);BTP;16/01/2018;IT0005321325;IT532132=;Euro;Italy;Govt/Treasury/Central Bank;Bond;Plain Vanilla Fixed Coupon;15963750000;;Semiannually;Baa3;31/08/2025;31/08/2038;1000,000;1000,000;8;2;16,35;2,9500;55;99,981;2,963;500;14750
Germany, Federal Republic of (Government);BUND;27/02/2014;DE0001102341;DE110234=;Euro;Germany;Govt/Treasury/Central Bank;Bundesanleihe;Plain Vanilla Fixed Coupon;34250000000;;Annually;Aaa;14/08/2025;14/08/2046;0,010;0,010;8;1;24,31;2,5000;100;132,166;0,9994;66083000;16520,75
Italy, Republic of (Government);BTP;24/01/2017;IT0005240350;IT524035=;Euro;Italy;Govt/Treasury/Central Bank;Bond;Plain Vanilla Fixed Coupon;22876925000;;Semiannually;Baa3;31/08/2025;31/08/2033;1000,000;1000,000;8;2;11,35;2,4500;55;96,976;2,773;485;11882,5
Italy, Republic of (Government);BTP;21/01/2020;IT0005398406;IT539840=;Euro;Italy;Govt/Treasury/Central Bank;Bond;Plain Vanilla Fixed Coupon;16834623000;;Semiannually;Baa3;31/08/2025;31/08/2050;1000,000;1000,000;8;2;28,36;2,4500;55;86,773;3,175;434;10633
Italy, Republic of (Government);BTP;25/04/2016;IT0005177909;IT517790=;Euro;Italy;Govt/Treasury/Central Bank;Bond;Plain Vanilla Fixed Coupon;17178000000;;Semiannually;Baa3;31/08/2025;31/08/2036;1000,000;1000,000;8;2;14,35;2,2500;55;92,684;2,89;463;10417,5
Germany, Federal Republic of (Government);BUND;21/09/2017;DE0001102432;DE110243=;Euro;Germany;Govt/Treasury/Central Bank;Bundesanleihe;Plain Vanilla Fixed Coupon;39000000000;;Annually;Aaa;14/08/2025;14/08/2048;0,010;0,010;8;1;26,31;1,2500;100;104,761;1,038;52380500;6547,5625
Credit Agricole Home Loan SFH SA;CAGRAH;11/07/2018;FR0013348802;FR0013348802=;Euro;France;Corporate;Obligation de Financement de l'Habitat (Covered Bond);Plain Vanilla Fixed Coupon;1500000000;Investment Grade;Annually;Aaa;10/08/2025;10/08/2028;100000,000;100000,000;8;1;6,29;0,8750;100;96,243;1,51;5;4375
Germany, Federal Republic of (Government);BUND;13/07/2017;DE0001102424;DE110242=;Euro;Germany;Govt/Treasury/Central Bank;Bundesanleihe;Plain Vanilla Fixed Coupon;32500000000;Investment Grade;Annually;Aaa;14/08/2025;14/08/2027;0,010;0,010;8;1;5,30;0,5000;100;99,05;0,679;49525000;2476,25
Germany, Federal Republic of (Government);BUND;12/07/2018;DE0001102457;DE110245=;Euro;Germany;Govt/Treasury/Central Bank;Bundesanleihe;Plain Vanilla Fixed Coupon;28500000000;Investment Grade;Annually;Aaa;14/08/2025;14/08/2028;0,010;0,010;8;1;6,30;0,2500;100;96,897;0,753;48448500;1211,2125
Italy, Republic of (Government);BTPI;27/10/2009;IT0004545890;IT454589=;Euro;Italy;Govt/Treasury/Central Bank;Bond;Plain Vanilla Fixed Coupon;15837435000;;Semiannually;Baa3;14/09/2025;14/09/2041;1000,000;1000,000;9;2;19,39;2,5500;55;140,8665;3,056;704;17952
Italy, Republic of (Government);BTPI;26/10/2004;IT0003745541;IT374554=;Euro;Italy;Govt/Treasury/Central Bank;Bond;Plain Vanilla Fixed Coupon;13684800000;;Semiannually;Baa3;14/09/2025;14/09/2035;1000,000;1000,000;9;2;13,39;2,3500;55;129,9435;2,9;650;15275
Societe Generale SA;SOGN;26/09/2018;FR0013368602;FR0013368602=;Euro;France;Corporate;Bond;Plain Vanilla Fixed Coupon;1250000000;Investment Grade;Annually;Baa2;26/09/2025;26/09/2028;100000,000;100000,000;9;1;6,42;2,1250;60;96,263;2,727;5;10625
Austria, Republic of (Government);AUST;19/09/2017;AT0000A1XML2;AT0000A1XML2=;Euro;Austria;Govt/Treasury/Central Bank;Bundesanleihe;Plain Vanilla Fixed Coupon;6000000000;;Annually;Aa1;19/09/2025;19/09/2117;1000,000;1000,000;9;1;95,45;2,1000;95;103,356;2,053;517;10857
Orange SA;ORAN;11/09/2018;FR0013359239;FR0013359239=;Euro;France;Corporate;Bond;Plain Vanilla Fixed Coupon;1200000000;Investment Grade;Annually;Baa1;11/09/2025;11/09/2030;100000,000;100000,000;9;1;8,38;1,8750;65;99,386;1,926;5;9375
Vinci SA;SGEF;25/09/2018;FR0013367638;FR0013367638=;Euro;France;Corporate;Note;Plain Vanilla Fixed Coupon;1185000000;Investment Grade;Annually;A3;25/09/2025;25/09/2030;100000,000;100000,000;9;1;8,41;1,7500;70;99,29;1,802;5;8750
ABN Amro Bank NV;ABNAM;29/09/2015;XS1298431799;DEA1Z679=;Euro;Netherlands;Corporate;Covered Bond (Other);Plain Vanilla Fixed Coupon;1750000000;Investment Grade;Annually;Aaa;29/09/2025;29/09/2030;100000,000;100000,000;9;1;8,42;1,5000;100;98,94;1,64;5;7500
Italy, Republic of (Government);BTPI;13/10/2015;IT0005138828;IT513882=;Euro;Italy;Govt/Treasury/Central Bank;Bond;Plain Vanilla Fixed Coupon;15756513000;;Semiannually;Baa3;14/09/2025;14/09/2032;1000,000;1000,000;9;2;10,39;1,2500;55;114,2365;2,749;571;7137,5
Bpifrance SA;BPIFN;25/09/2018;FR0013367604;FR0013367604=;Euro;France;Corporate;Bond;Plain Vanilla Fixed Coupon;1275000000;Investment Grade;Annually;Aa3;25/09/2025;25/09/2028;100000,000;100000,000;9;1;6,41;0,8750;85;97,509;1,28;5;4375
Compagnie de Financement Foncier SA;BPCERF;10/09/2018;FR0013358843;FR0013358843=;Euro;France;Corporate;Obligation Fonciere (Covered Bond);Plain Vanilla Fixed Coupon;1175000000;Investment Grade;Annually;Aaa;10/09/2025;10/09/2028;100000,000;100000,000;9;1;6,37;0,8750;100;96,049;1,522;5;4375
Credit Mutuel Home Loan SFH SA;CAFDHC;14/09/2017;FR0013282142;FR0013282142=;Euro;France;Corporate;Obligation de Financement de l'Habitat (Covered Bond);Plain Vanilla Fixed Coupon;1250000000;Investment Grade;Annually;Aaa;14/09/2025;14/09/2027;100000,000;100000,000;9;1;5,38;0,7500;100;96,435;1,44;5;3750
BPCE SFH SA;BPCEBC;21/02/2019;FR0013403862;FR0013403862=;Euro;France;Corporate;Obligation de Financement de l'Habitat (Covered Bond);Plain Vanilla Fixed Coupon;1750000000;Investment Grade;Annually;Aaa;21/09/2025;21/09/2027;100000,000;100000,000;9;1;5,40;0,6250;100;95,761;1,45;5;3125
Finland, Republic of (Government);FINL;05/09/2017;FI4000278551;FI0278551=;Euro;Finland;Govt/Treasury/Central Bank;Bond;Plain Vanilla Fixed Coupon;6913000000;Investment Grade;Annually;Aa1;14/09/2025;14/09/2027;1000,000;1000,000;9;1;5,38;0,5000;95;97,836;0,903;489;2445
Finland, Republic of (Government);FINL;03/09/2018;FI4000348727;FI0348727=;Euro;Finland;Govt/Treasury/Central Bank;Bond;Plain Vanilla Fixed Coupon;7619000000;Investment Grade;Annually;Aa1;14/09/2025;14/09/2028;1000,000;1000,000;9;1;6,38;0,5000;95;96,561;1,051;483;2415
Finland, Republic of (Government);FINL;11/02/2019;FI4000369467;FI0369467=;Euro;Finland;Govt/Treasury/Central Bank;Bond;Plain Vanilla Fixed Coupon;7955000000;Investment Grade;Annually;Aa1;14/09/2025;14/09/2029;1000,000;1000,000;9;1;7,38;0,5000;95;95,466;1,13;477;2385
ABN Amro Bank NV;ABNAM;16/09/2021;XS2387713238;DEA3KV87=;Euro;Netherlands;Corporate;Covered Bond (Other);Plain Vanilla Fixed Coupon;1500000000;;Annually;Aaa;16/09/2025;16/09/2041;100000,000;100000,000;9;1;19,40;0,4000;100;75,436;3,4;4;1600
Societe Generale SFH SA;SOGNER;13/09/2021;FR0014005DU5;FR0014005DU5=;Euro;France;Corporate;Obligation de Financement de l'Habitat (Covered Bond);Plain Vanilla Fixed Coupon;2000000000;;Annually;Aaa;13/09/2025;13/09/2033;100000,000;100000,000;9;1;11,38;0,3600;100;84,377;3,29;4;1440
Societe Generale SFH SA;SOGNER;13/09/2021;FR0014005DT7;FR0014005DT7=;Euro;France;Corporate;Obligation de Financement de l'Habitat (Covered Bond);Plain Vanilla Fixed Coupon;2500000000;;Annually;Aaa;13/09/2025;13/09/2032;100000,000;100000,000;9;1;10,38;0,2800;100;85,302;3,23;4;1120
DNB Boligkreditt AS;DNBDB;06/09/2016;XS1485596511;DEA185TU=;Euro;Norway;Corporate;Covered Bond (Other);Plain Vanilla Fixed Coupon;1500000000;Investment Grade;Annually;Aaa;06/09/2025;06/09/2026;100000,000;100000,000;9;1;4,36;0,2500;100;95,275;2,04;5;1250
Unicaja Banco SA;UNIXX;24/09/2019;ES0468675030;DEA2R8AL=;Euro;Spain;Corporate;Cedula Hipotecaria (Covered Bond);Plain Vanilla Fixed Coupon;1200000000;Investment Grade;Annually;Aa1;24/09/2025;24/09/2029;100000,000;100000,000;9;1;7,41;0,2500;95;89,734;1,761;4;1000
Finland, Republic of (Government);FINL;16/06/2020;FI4000440557;FI0440557=;Euro;Finland;Govt/Treasury/Central Bank;Bond;Plain Vanilla Fixed Coupon;4337000000;;Annually;Aa1;14/09/2025;14/09/2040;1000,000;1000,000;9;1;18,39;0,2500;95;78,587;1,6;393;982,5
Italy, Republic of (Government);BTP;02/02/1997;IT0001086567;IT108656=;Euro;Italy;Govt/Treasury/Central Bank;Bond;Plain Vanilla Fixed Coupon;12423130223;Investment Grade;Semiannually;Baa3;31/10/2025;31/10/2026;1000,000;1000,000;10;2;4,51;7,2500;55;124,054;1,68;620;44950
Italy, Republic of (Government);BTP;17/11/1997;IT0001174611;IT117461=;Euro;Italy;Govt/Treasury/Central Bank;Bond;Plain Vanilla Fixed Coupon;27993132147;Investment Grade;Semiannually;Baa3;31/10/2025;31/10/2027;1000,000;1000,000;10;2;5,51;6,5000;55;123,9575;1,8953;620;40300
France, Republic of (Government);OAT;11/06/2001;FR0000187635;FR0000187635=;Euro;France;Govt/Treasury/Central Bank;Obligation Assimilable du Tresor;Plain Vanilla Fixed Coupon;36321000000;;Annually;Aa3;24/10/2025;24/10/2032;1,000;1,000;10;1;10,50;5,7500;85;142,323;1,3621;711615;40917,8625
Italy, Republic of (Government);BTP;17/11/1998;IT0001278511;IT127851=;Euro;Italy;Govt/Treasury/Central Bank;Bond;Plain Vanilla Fixed Coupon;31589999209;Investment Grade;Semiannually;Baa3;31/10/2025;31/10/2029;1000,000;1000,000;10;2;7,51;5,2500;55;120,688;2,2426;603;31657,5
Spain, Kingdom of (Government);DEUDA;15/10/2013;ES00000124H4;ES0000124H=;Euro;Spain;Govt/Treasury/Central Bank;Obligacion del Estado;Plain Vanilla Fixed Coupon;19357557000;;Annually;Baa1;30/10/2025;30/10/2044;1000,000;1000,000;10;1;22,52;5,1500;65;149,263;2,31;746;38419
Spain, Kingdom of (Government);DEUDA;15/07/2013;ES00000124C5;ES0000124C=;Euro;Spain;Govt/Treasury/Central Bank;Obligacion del Estado;Plain Vanilla Fixed Coupon;24414886000;Investment Grade;Annually;Baa1;30/10/2025;30/10/2028;1000,000;1000,000;10;1;6,51;5,1500;65;122,81;1,432;614;31621
France, Republic of (Government);OAT;11/09/2006;FR0010371401;FR0010371401=;Euro;France;Govt/Treasury/Central Bank;Obligation Assimilable du Tresor;Plain Vanilla Fixed Coupon;27913000000;;Annually;Aa3;24/10/2025;24/10/2038;1,000;1,000;10;1;16,50;4,0000;85;133,833;1,634;669165;26766,6
Spain, Kingdom of (Government);DEUDA;14/03/2016;ES00000128C6;ES0000128C=;Euro;Spain;Govt/Treasury/Central Bank;Obligacion del Estado;Plain Vanilla Fixed Coupon;21613717000;;Annually;Baa1;30/10/2025;30/10/2046;1000,000;1000,000;10;1;24,52;2,9000;65;109,227;2,389;546;15834
France, Republic of (Government);OAT;10/09/2012;FR0011317783;FR0011317783=;Euro;France;Govt/Treasury/Central Bank;Obligation Assimilable du Tresor;Plain Vanilla Fixed Coupon;61863000000;Investment Grade;Annually;Aa3;24/10/2025;24/10/2027;1,000;1,000;10;1;5,49;2,7500;85;109,768;0,9048;548840;15093,1
Spain, Kingdom of (Government);DEUDA;26/02/2018;ES0000012B47;ES000012B4=;Euro;Spain;Govt/Treasury/Central Bank;Obligacion del Estado;Plain Vanilla Fixed Coupon;20316530000;;Annually;Baa1;30/10/2025;30/10/2048;1000,000;1000,000;10;1;26,52;2,7000;65;104,97;2,431;525;14175
Portugal, Republic of (Government);PORTGL;16/01/2018;PTOTEVOE0018;PTOTEVOE018=;Euro;Portugal;Govt/Treasury/Central Bank;Obrigacao do Tesouro;Plain Vanilla Fixed Coupon;16067387000;Investment Grade;Annually;A3;16/10/2025;16/10/2028;0,010;0,010;10;1;6,47;2,1250;70;104,458;1,412;52229000;11098,6625
Spain, Kingdom of (Government);DEUDA;03/07/2017;ES0000012A89;ES000012A8=;Euro;Spain;Govt/Treasury/Central Bank;Obligacion del Estado;Plain Vanilla Fixed Coupon;28021232000;Investment Grade;Annually;Baa1;30/10/2025;30/10/2027;1000,000;1000,000;10;1;5,51;1,4500;65;100,459;1,356;502;7279
Spain, Kingdom of (Government);DEUDA;25/07/2016;ES00000128H5;ES0000128H=;Euro;Spain;Govt/Treasury/Central Bank;Obligacion del Estado;Plain Vanilla Fixed Coupon;28698504000;Investment Grade;Annually;Baa1;30/10/2025;30/10/2026;1000,000;1000,000;10;1;4,51;1,3000;65;100,496;1,18;502;6526
Unedic;UNEDI;20/10/2015;FR0013020450;FR0013020450=;Euro;France;Corporate;Bond;Plain Vanilla Fixed Coupon;2000000000;Investment Grade;Annually;Aa3;20/10/2025;20/10/2027;100000,000;100000,000;10;1;5,48;1,2500;85;100,217;1,171;5;6250
Spain, Kingdom of (Government);DEUDA;29/04/2020;ES0000012G34;ES000012G3=;Euro;Spain;Govt/Treasury/Central Bank;Bono del Estado;Plain Vanilla Fixed Coupon;29112349000;Investment Grade;Annually;Baa1;30/10/2025;30/10/2030;1000,000;1000,000;10;1;8,51;1,2500;65;96,253;1,717;481;6012,5
Intesa Sanpaolo SpA;ISP;03/10/2017;IT0005283491;DEA19P15=;Euro;Italy;Corporate;Obbligazione Bancaria Garantita (Covered Bond);Plain Vanilla Fixed Coupon;1250000000;Investment Grade;Annually;Aa3;03/10/2025;03/10/2027;100000,000;100000,000;10;1;5,43;1,1250;85;97,993;1,51;5;5625
Electricite De France SA;ELDFR;12/10/2016;FR0013213295;FR0013213295=;Euro;France;Corporate;Bond;Plain Vanilla Fixed Coupon;1750000000;Investment Grade;Annually;Baa1;12/10/2025;12/10/2026;100000,000;100000,000;10;1;4,46;1,0000;65;97,471;1,59;5;5000
Austria, Republic of (Government);AUST;22/02/2016;AT0000A1K9C8;AT0000A1K9C8=;Euro;Austria;Govt/Treasury/Central Bank;Bundesanleihe;Plain Vanilla Fixed Coupon;16955895000;Investment Grade;Annually;Aa1;19/10/2025;19/10/2026;1000,000;1000,000;10;1;4,48;0,7500;95;99,826;0,79;499;3742,5
Compagnie de Financement Foncier SA;BPCERF;24/10/2021;FR0014006268;FR0014006268=;Euro;France;Corporate;Obligation Fonciere (Covered Bond);Plain Vanilla Fixed Coupon;1500000000;;Annually;Aaa;24/10/2025;24/10/2041;100000,000;100000,000;10;1;19,50;0,6000;100;79,227;3,31;4;2400
Portugal, Republic of (Government);PORTGL;14/01/2020;PTOTELOE0028;PTOTELOE028=;Euro;Portugal;Govt/Treasury/Central Bank;Obrigacao do Tesouro;Plain Vanilla Fixed Coupon;11221218000;Investment Grade;Annually;A3;17/10/2025;17/10/2030;0,010;0,010;10;1;8,47;0,4750;70;90,064;2,23;45032000;2139,02
Societe Generale SFH SA;SOGNER;27/10/2019;FR0013455573;FR0013455573=;Euro;France;Corporate;Obligation de Financement de l'Habitat (Covered Bond);Plain Vanilla Fixed Coupon;1500000000;Investment Grade;Annually;Aaa;27/10/2025;27/10/2030;100000,000;100000,000;10;1;8,50;0,3600;100;87,489;1,961;4;1440
Ireland (Government);IRELND;19/01/2022;IE00BMD03L28;IET03532=;Euro;Ireland;Govt/Treasury/Central Bank;Irish Government Bond;Plain Vanilla Fixed Coupon;5662050000;;Annually;Aa3;17/10/2025;17/10/2032;0,010;0,010;10;1;10,48;0,3500;85;88,083;1,592;44041500;1541,4525
Italy, Republic of (Government);BTP;31/07/2018;IT0005340929;IT534092=;Euro;Italy;Govt/Treasury/Central Bank;Bond;Plain Vanilla Fixed Coupon;22368192000;Investment Grade;Semiannually;Baa3;30/11/2025;30/11/2028;1000,000;1000,000;11;2;6,59;2,8000;55;103,809;2,18;519;14532
Banco Santander SA;SAN;26/11/2014;ES0413900376;DEA1ZSF7=;Euro;Spain;Corporate;Cedula Hipotecaria (Covered Bond);Plain Vanilla Fixed Coupon;1250000000;;Annually;Aa1;26/11/2025;26/11/2034;100000,000;100000,000;11;1;12,59;2,0000;95;101,02;1,916;5;10000
Austria, Republic of (Government);AUST;01/11/2016;AT0000A1PEF7;AT0000A1PEF7=;Euro;Austria;Govt/Treasury/Central Bank;Bundesanleihe;Plain Vanilla Fixed Coupon;3540897000;;Annually;Aa1;01/11/2025;01/11/2086;1000,000;1000,000;11;1;64,55;1,5000;95;85,782;1,905;429;6435
Italy, Republic of (Government);BTP;31/07/2016;IT0005210650;IT521065=;Euro;Italy;Govt/Treasury/Central Bank;Bond;Plain Vanilla Fixed Coupon;20396843000;Investment Grade;Semiannually;Baa3;30/11/2025;30/11/2026;1000,000;1000,000;11;2;4,59;1,2500;55;97,714;1,78;489;6112,5
Compagnie de Financement Foncier SA;BPCERF;14/11/2017;FR0013296159;FR0013296159=;Euro;France;Corporate;Obligation Fonciere (Covered Bond);Plain Vanilla Fixed Coupon;1040000000;;Annually;Aaa;14/11/2025;14/11/2032;100000,000;100000,000;11;1;10,55;1,2500;100;94,998;1,756;5;6250
Danone SA;DANO;02/11/2016;FR0013216926;FR0013216926=;Euro;France;Corporate;Bond;Plain Vanilla Fixed Coupon;1600000000;Investment Grade;Annually;Baa1;02/11/2025;02/11/2028;100000,000;100000,000;11;1;6,52;1,2080;65;96,99;1,663;5;6040
Spain, Kingdom of (Government);DEUDAI;30/03/2015;ES00000127C8;ES0000127C=;Euro;Spain;Govt/Treasury/Central Bank;Obligacion del Estado;Plain Vanilla Fixed Coupon;19205224000;Investment Grade;Annually;Baa1;29/11/2025;29/11/2030;1000,000;1000,000;11;1;8,59;1,0000;65;119,0375;1,7;595;5950
Electricite De France SA;ELDFR;28/11/2021;FR0014006UO0;FR0014006UO0=;Euro;France;Corporate;Bond;Plain Vanilla Fixed Coupon;1850000000;;Annually;Baa1;28/11/2025;28/11/2033;100000,000;100000,000;11;1;11,59;1,0000;65;84,002;2,581;4;4000
Bpifrance SA;BPIFN;18/01/2017;FR0013232253;FR0013232253=;Euro;France;Corporate;Bond;Plain Vanilla Fixed Coupon;2000000000;Investment Grade;Annually;Aa3;24/11/2025;24/11/2026;100000,000;100000,000;11;1;4,58;0,8750;85;99,049;1,09;5;4375
France, Republic of (Government);OAT;10/06/2018;FR0013341682;FR0013341682=;Euro;France;Govt/Treasury/Central Bank;Obligation Assimilable du Tresor;Plain Vanilla Fixed Coupon;62095000000;Investment Grade;Annually;Aa3;24/11/2025;24/11/2028;1,000;1,000;11;1;6,58;0,7500;85;98,175;1,0349;490875;3681,5625
Spain, Kingdom of (Government);DEUDAI;17/09/2018;ES0000012C12;ES000012C1=;Euro;Spain;Govt/Treasury/Central Bank;Obligacion del Estado;Plain Vanilla Fixed Coupon;21306861000;;Annually;Baa1;29/11/2025;29/11/2033;1000,000;1000,000;11;1;11,59;0,7000;65;115,807;2;579;4053
Spain, Kingdom of (Government);DEUDAI;03/05/2017;ES00000128S2;ES0000128S=;Euro;Spain;Govt/Treasury/Central Bank;Obligacion del Estado;Plain Vanilla Fixed Coupon;17486614000;Investment Grade;Annually;Baa1;29/11/2025;29/11/2027;1000,000;1000,000;11;1;5,59;0,6500;65;113,951;1,4;570;3705
Banque Federative du Credit Mutuel SA;CAFDCB;02/06/2021;FR0014003SA0;FR0014003SA0=;Euro;France;Corporate;Bond;Plain Vanilla Fixed Coupon;1500000000;Investment Grade;Annually;A3;02/11/2025;02/11/2028;100000,000;100000,000;11;1;6,52;0,6250;70;88,449;2,548;4;2500
EssilorLuxottica SA;ESLX;26/11/2019;FR0013463668;FR0013463668=;Euro;France;Corporate;Bond;Plain Vanilla Fixed Coupon;1500000000;Investment Grade;Annually;A2;26/11/2025;26/11/2027;100000,000;100000,000;11;1;5,58;0,3750;75;93,958;1,477;5;1875
France, Republic of (Government);OAT;04/09/2016;FR0013200813;FR0013200813=;Euro;France;Govt/Treasury/Central Bank;Obligation Assimilable du Tresor;Plain Vanilla Fixed Coupon;39527000000;Investment Grade;Annually;Aa3;24/11/2025;24/11/2026;1,000;1,000;11;1;4,58;0,2500;85;97,357;1,82;486785;1216,9625
Unedic;UNEDI;16/06/2020;FR0013518487;FR0013518487=;Euro;France;Corporate;Bond;Plain Vanilla Fixed Coupon;4000000000;Investment Grade;Annually;Aa3;24/11/2025;24/11/2029;100000,000;100000,000;11;1;7,58;0,2500;85;91,727;1,393;5;1250
Electricite De France SA;ELDFR;08/12/2019;FR0013465424;FR0013465424=;Euro;France;Corporate;Bond;Plain Vanilla Fixed Coupon;1250000000;;Annually;Baa1;08/12/2025;08/12/2049;100000,000;100000,000;12;1;27,63;2,0000;65;78,154;4,58;4;8000
BNP Paribas SA;BNPP;02/12/2020;FR0014000UL9;FR0014000UL9=;Euro;France;Corporate;Bond;Plain Vanilla Fixed Coupon;1800000000;;Annually;Baa1;02/12/2025;02/12/2032;100000,000;100000,000;12;1;10,60;0,6250;65;80,925;2,69;4;2500
ABN Amro Bank NV;ABNAM;11/12/2019;XS2093634884;XS2093634884=;Euro;Netherlands;Corporate;Covered Bond (Other);Plain Vanilla Fixed Coupon;2000000000;;Annually;Aaa;11/12/2025;11/12/2039;100000,000;100000,000;12;1;17,63;0,5000;100;78,995;3,71;4;2000
ABN Amro Bank NV;ABNAM;11/12/2019;XS2093705064;XS2093705064=;Euro;Netherlands;Corporate;Covered Bond (Other);Plain Vanilla Fixed Coupon;2000000000;;Annually;Aaa;11/12/2025;11/12/2036;100000,000;100000,000;12;1;14,63;0,4500;100;81,13;3,32;4;1800
ABN Amro Bank NV;ABNAM;11/12/2019;XS2093637556;XS2093637556=;Euro;Netherlands;Corporate;Covered Bond (Other);Plain Vanilla Fixed Coupon;2000000000;;Annually;Aaa;11/12/2025;11/12/2032;100000,000;100000,000;12;1;10,63;0,2500;100;85,28;2,98;4;1000